model_id,category,canonical_title,all_titles,num_variants,min_price,all_prices,num_sources
2309,מכונות קפה,מכונת קפה Essenza Mini EN85L נספרסו Nespresso צבע ליים,מכונת קפה Essenza Mini EN85L נספרסו Nespresso צבע ליים ||| קנו ב-zapstore ||| קנו עכשיו,3,359.0,359.0,3
2359,מזגנים,מזגן עילי אינוורטר אלקטרה דגם ELECTRA A INV 140,מזגן עילי אינוורטר אלקטרה דגם ELECTRA A INV 140 ||| קנו ב-zapstore ||| Tadiran מזגן עילי אינוורטר ספרה דגם INV 15 NG ||| קנו עכשיו,4,1270.0,"1270.0, 1389.0",4
2541,מכונות קפה,מכונת קפה Ninja Luxe Essential ES601EU,מכונת קפה Ninja Luxe Essential ES601EU ||| קנו ב-zapstore ||| מכונת קפה Ninja Luxe Essential ES501EU ||| קנו עכשיו,4,1390.0,"1390.0, 1549.0",4
2748,מזגנים,"מזגן עילי תדיראן 1 כ""ס דגם Solo Inv 180 NG","מזגן עילי תדיראן 1 כ""ס דגם Solo Inv 180 NG ||| קנו ב-zapstore ||| מזגן עילי תדיראן 1.25 כ""ס דגם Sfera Inverter 15 NG ||| Tadiran מזגן עילי תדיראן 3.5 כ""ס דגם Alpha Pro Inv 370 NG ||| קנו עכשיו ||| Electra מזגן עילי אלקטרה 2.5 כ""ס דגם Classic Inv 340",6,1248.0,"1248.0, 1758.0, 2878.0, 5258.0",6
686320,בשמים לגבר,"Giorgio Armani Acqua Di Gio EDT 200 ML ג'ורג'יו ארמני אקווה דה ג'יאו אדט לגבר 200 מ""ל","Giorgio Armani Acqua Di Gio EDT 200 ML ג'ורג'יו ארמני אקווה דה ג'יאו אדט לגבר 200 מ""ל ||| קנו עכשיו",2,590.0,590.0,2
771483,בשמים לגבר,בושם לגבר Chanel Bleu De Chanel 100ml E.D.T,בושם לגבר Chanel Bleu De Chanel 100ml E.D.T ||| השוואה ב-7 חנויות ||| השוואת מחירים,3,499.0,499.0,3
804626,בשמים לגבר,בושם לגבר Carolina Herrera 212 Vip E.D.T 100ml,בושם לגבר Carolina Herrera 212 Vip E.D.T 100ml ||| השוואה ב-12 חנויות ||| השוואת מחירים,3,208.0,208.0,3
827130,בשמים לגבר,בושם לגבר Montblanc Legend 100ml E.D.T,"בושם לגבר Montblanc Legend 100ml E.D.T ||| השוואה ב-13 חנויות ||| השוואת מחירים ||| Montblanc Legend EDT 100 ML מונט בלאנק לג'נד אדט לגבר 100 מ""ל ||| קנו עכשיו ||| Montblanc Legend EDT 100 ML מונט בלאנק לגנד אדט לגבר 100 מ""ל ||| בושם לגבר מונט בלאנק MONT BLANC LEGEND 100 ML E.D.T ||| בושם לגבר 100 מ''ל Mont Blanc Legend או דה טואלט E.D.T ||| לג'נד אדט לגבר 100 מ""ל - מונט בלאנק - Mont Blanc - Legend EDT For Men 100ML ||| בושם לגבר מונטבלאנק לגנד 100 מ""ל Montblanc Legend 100ml E.D.T ||| מונבלאם לג'נד א.ד.ט 100 מ""ל לגבר MONTBLANC ||| Mont Blanc - Legend EDT For Men 100ML ||| LEGEND BY MONT BLANC 100ML EDT ||| Montblanc Legend by Mont Blanc Eau De Toilette Spray for Men 100 ml ||| טסטר מונבלאן לג'נד (ג) אדט 100 מ""ל ||| מונט בלאנק לג'נד א.ד.ט 100 מ""ל -אריזת טסטר לגבר MONT BLANC LEGEND ||| בושם לגבר מונטבלאנק באריזת טסטר לגנד 100 מ""ל Montblanc Legend 100ml E.D.T TESTER ||| Montblanc Legend by Mont Blanc Eau De Toilette Spray (Tester) for Men 100 ml",18,115.0,"115.0, 124.0, 137.0, 140.0, 148.0, 149.0, 154.0, 158.0, 160.0, 169.0, 174.0, 178.0, 179.0, 214.0, 262.0",20
827913,בשמים לגבר,בושם לגבר Giorgio Armani Armani Code E.D.T 125ml,בושם לגבר Giorgio Armani Armani Code E.D.T 125ml ||| השוואה ב-11 חנויות ||| השוואת מחירים,3,299.0,299.0,3
846242,בשמים לגבר,בושם לגבר Versace Eros E.D.T 100ml,בושם לגבר Versace Eros E.D.T 100ml ||| השוואה ב-11 חנויות ||| השוואת מחירים,3,189.0,189.0,3
886130,בשמים לגבר,"בלאק אורכיד אדפ יוניסקס 100 מ""ל - טום פורד - Tom Ford - Black Orchid EDP Unisex 100ML","בלאק אורכיד אדפ יוניסקס 100 מ""ל - טום פורד - Tom Ford - Black Orchid EDP Unisex 100ML ||| קנו עכשיו",2,469.0,469.0,2
889231,בשמים לגבר,בושם לגבר Boucheron Jaipur Homme E.D.P 100ml,בושם לגבר Boucheron Jaipur Homme E.D.P 100ml ||| השוואה ב-13 חנויות ||| השוואת מחירים,3,125.0,125.0,3
894963,בשמים לגבר,בושם לגבר Chanel Bleu De Chanel E.D.P 100ml,בושם לגבר Chanel Bleu De Chanel E.D.P 100ml ||| השוואה ב-7 חנויות ||| השוואת מחירים,3,615.0,615.0,3
945948,בשמים לגבר,בושם לגבר Creed Aventus E.D.P 100ml,"בושם לגבר Creed Aventus E.D.P 100ml ||| השוואה ב-9 חנויות ||| השוואת מחירים ||| Creed Aventus EDP 100 ml קריד אוונטוס א.ד.פ 100 מ״ל בושם לגבר ||| Creed Aventus edp 100ml ||| קריד אוונטוס לגבר 100 מל אדפ - Creed Aventus E.D.P 100ml ||| בושם לגבר Creed Aventus E.D.P 100ml מק""ט 3508441001114 ||| קריד אבנטוס יוניסקס א.ד.פ 100 מ""ל CREED AVENTUS 100 ML ||| Aventus by Creed Eau De Parfum Spray for Men 100 ml ||| טסטר קריד אוונטוס לגבר אדפ 100 מ""ל",10,834.0,"834.0, 972.0, 989.0, 999.0, 1048.0, 1055.0, 1267.0, 2592.0",11
950373,בשמים לגבר,בושם לגבר Giorgio Armani Stronger With You E.D.T 100ml,"בושם לגבר Giorgio Armani Stronger With You E.D.T 100ml ||| השוואה ב-11 חנויות ||| השוואת מחירים ||| סטרונגר וויט יו אדט לגבר 100 מ""ל - ג'ורג'יו ארמני - Giorgio Armani - Stronger With You EDT For Men 100ML ||| קנו עכשיו",5,255.0,"255.0, 299.0",5
951399,מכונות קפה,‏מכונת אספרסו Nespresso Delonghi Essenza Mini D30 EN85,‏מכונת אספרסו Nespresso Delonghi Essenza Mini D30 EN85 ||| השוואה ב-23 חנויות ||| השוואת מחירים,3,354.0,354.0,3
951669,מכונות קפה,‏מכונת אספרסו Nespresso Essenza Mini C30,‏מכונת אספרסו Nespresso Essenza Mini C30 ||| השוואה ב-5 חנויות ||| השוואת מחירים,3,510.0,510.0,3
956177,מייבשי כביסה,"מייבש כביסה AEG T6DBG822M  ‏8 ‏ק""ג","מייבש כביסה AEG T6DBG822M  ‏8 ‏ק""ג ||| השוואה ב-20 חנויות ||| השוואת מחירים",3,1653.0,1653.0,3
961499,מכונות קפה,Nespresso מכונת קפה NESPRESSO CREATISTA PLUS נספרסו דגם J520-IL-ME-NE פלוס,Nespresso מכונת קפה NESPRESSO CREATISTA PLUS נספרסו דגם J520-IL-ME-NE פלוס ||| קנו עכשיו,2,1789.0,1789.0,2
969047,בשמים לגבר,בושם לגבר Prada Luna Rossa Carbon E.D.T 100ml,בושם לגבר Prada Luna Rossa Carbon E.D.T 100ml ||| השוואה ב-12 חנויות ||| השוואת מחירים,3,245.0,245.0,3
969788,בשמים לגבר,בושם לגבר Chanel Bleu de Chanel E.D.P 150ml,בושם לגבר Chanel Bleu de Chanel E.D.P 150ml ||| השוואה ב-7 חנויות ||| השוואת מחירים,3,710.0,710.0,3
976624,מכונות קפה,‏מכונת אספרסו Nespresso Lattissima One EN510,‏מכונת אספרסו Nespresso Lattissima One EN510 ||| השוואה ב-13 חנויות ||| השוואת מחירים ||| מכונת קפה נספרסו לטיסימה וואן NESPRESSO Lattissima One ||| מכונת קפה NESPRESSO lattissima ONE ||| מכונת אספרסו Nespresso Lattissima One יבואן רשמי ||| מכונת קפה NESPRESSO LATTISSIMA ONE נספרסו דגם F121 ||| מכונת אספרסו Nespresso Lattissima One נספרסו ||| מכונת קפה עם מקציף מובנה צבע לבן Nespresso Lattissima One ||| מכונת קפה נספרסו Nespresso Delonghi Lattissima One EN501 כולל מקציף חלב מובנה ||| מכונת קפה נספרסו LATTISSIMA ONE לבן VIP ||| ‏מכונת אספרסו Nespresso Lattissima One נספרסו ||| מכונת אספרסו לטיסימה נספרסו Nespresso Lattissima One Delonghi ||| מכונת קפה כולל מקציף מובנה NESPRESSO Lattissima One F121-WH נספרסו - NESPRESSO נספרסו,14,810.0,"810.0, 894.0, 919.0, 935.0, 939.0, 945.0, 948.0, 999.0, 1099.0",14
992748,מכונות קפה,‏מכונת אספרסו Delonghi ECAM21.117,‏מכונת אספרסו Delonghi ECAM21.117 ||| השוואה ב-18 חנויות ||| השוואת מחירים,3,1374.0,1374.0,3
996265,בשמים לגבר,בושם לגבר Armaf Club De Nuit Intense E.D.T 105ml,בושם לגבר Armaf Club De Nuit Intense E.D.T 105ml ||| השוואה ב-11 חנויות ||| השוואת מחירים,3,74.0,74.0,3
1000167,בשמים לגבר,"אומברה לדר אדפ יוניסקס 100 מ""ל - טום פורד - Tom Ford - Ombre Leather EDP Unisex 100ML","אומברה לדר אדפ יוניסקס 100 מ""ל - טום פורד - Tom Ford - Ombre Leather EDP Unisex 100ML ||| קנו עכשיו",2,559.0,559.0,2
1001824,בשמים לגבר,בושם לגבר Tom Ford Ombre Leather E.D.P 100ml,בושם לגבר Tom Ford Ombre Leather E.D.P 100ml ||| השוואה ב-10 חנויות ||| השוואת מחירים,3,470.0,470.0,3
1014540,בשמים לגבר,בושם לגבר Gucci Intense Oud E.D.P 90ml,בושם לגבר Gucci Intense Oud E.D.P 90ml ||| השוואה ב-14 חנויות ||| השוואת מחירים,3,342.0,342.0,3
1019364,בשמים לגבר,בושם לגבר Montblanc Explorer E.D.P 100ml,בושם לגבר Montblanc Explorer E.D.P 100ml ||| השוואה ב-11 חנויות ||| השוואת מחירים,3,156.0,156.0,3
1022100,בשמים לגבר,בושם לגבר Yves Saint Laurent Y E.D.P 100ml,"בושם לגבר Yves Saint Laurent Y E.D.P 100ml ||| השוואה ב-11 חנויות ||| השוואת מחירים ||| Yves Saint Laurent Y Eau De Parfum Spray 100 ml איב סאן לורן וואי אדפ לגבר 100 מ""ל ||| קנו עכשיו",5,359.0,"359.0, 399.0",5
1023259,מייבשי כביסה,"מייבש כביסה Electrolux EW6C5722CM  ‏7 ‏ק""ג","מייבש כביסה Electrolux EW6C5722CM  ‏7 ‏ק""ג ||| השוואה ב-23 חנויות ||| השוואת מחירים",3,1541.0,1541.0,3
1023260,מייבשי כביסה,"מייבש כביסה Electrolux EW6C5822CM  ‏8 ‏ק""ג","מייבש כביסה Electrolux EW6C5822CM 8 ק""ג ||| קנו עכשיו ||| מייבש כביסה Electrolux EW6C5822CM  ‏8 ‏ק""ג ||| השוואה ב-16 חנויות ||| השוואת מחירים",5,1586.0,"1586.0, 2069.0",5
1023262,מייבשי כביסה,"מייבש כביסה Electrolux EW6C4853CM  ‏8 ‏ק""ג","מייבש כביסה Electrolux EW6C4853CM  ‏8 ‏ק""ג ||| השוואה ב-21 חנויות ||| השוואת מחירים ||| Electrolux מייבש כביסה קונדנסור 8 ק""ג אלקטרולוקס דגם EW6C4853CM ||| קנו עכשיו",5,1795.0,"1795.0, 2189.0",5
1030241,מכונות קפה,‏מכונת אספרסו Gaggia Besana,‏מכונת אספרסו Gaggia Besana ||| השוואה ב-18 חנויות ||| השוואת מחירים,3,1080.0,1080.0,3
1033492,בשמים לגבר,בושם לגבר Christian Dior Sauvage E.D.P 200ml,"בושם לגבר Christian Dior Sauvage E.D.P 200ml ||| השוואה ב-11 חנויות ||| השוואת מחירים ||| סובאג' אדפ לגבר 200 מ""ל - כריסטיאן דיור - Christian Dior - Sauvage EDP For Men 200ML ||| קנו עכשיו",5,638.0,"638.0, 759.0",5
1042459,מייבשי כביסה,"מייבש כביסה AEG TX7E832  ‏8 ‏ק""ג","מייבש כביסה AEG TX7E832  ‏8 ‏ק""ג ||| השוואה ב-13 חנויות ||| השוואת מחירים ||| מייבש כביסה AEG TX7E832 ‏8 ‏ק''ג ||| מייבש כביסה AEG TX7E832 ‏8 ‏ק""ג ||| מייבש כביסה קונדנסור AEG TX7E832 ‏8 ‏קג'' ||| מייבש כביסה קונדנסור ‏8 ‏ק''ג דגם AEG TX7E832 ||| מייבש כביסה משאבת חום 8 ק""ג א.א.ג. TX7E832 AEG ||| מייבש כביסה AEG TX7E832 8 ק""ג ||| מייבש הכביסה AEG TX7E832 ‏8 ‏ק''ג ||| ‏מייבש כביסה AEG‎ ‏דגם TX7E832‎ משאבת חום 8 ק""ג ||| מייבש כביסה AEG TX7E832 ‏8 ‏ק''ג מתצוגה !!!!",12,1919.0,"1919.0, 1920.0, 1948.0, 1949.0, 2390.0, 2450.0, 2680.0, 2699.0",12
1043475,מייבשי כביסה,"מייבש כביסה Electrolux EW6C4753CM  ‏7 ‏ק""ג","מייבש כביסה Electrolux EW6C4753CM  ‏7 ‏ק""ג ||| השוואה ב-31 חנויות ||| השוואת מחירים",3,1636.0,1636.0,3
1044896,מייבשי כביסה,"מייבש כביסה AEG TX6G821  ‏8 ‏ק""ג","מייבש כביסה AEG TX6G821  ‏8 ‏ק""ג ||| השוואה ב-27 חנויות ||| השוואת מחירים",3,2273.0,2273.0,3
1047612,מסכי מחשב,מסך מחשב  ‏31.5 ‏אינטש Philips 322E1C Full HD,מסך מחשב  ‏31.5 ‏אינטש Philips 322E1C Full HD ||| השוואה ב-18 חנויות ||| השוואת מחירים,3,874.0,874.0,3
1060078,מייבשי כביסה,"מייבש כביסה Electrolux EW6C5752CM  ‏7 ‏ק""ג","מייבש כביסה Electrolux EW6C5752CM 7 ק""ג ||| קנו עכשיו ||| מייבש כביסה Electrolux EW6C5752CM  ‏7 ‏ק""ג ||| השוואה ב-26 חנויות ||| השוואת מחירים",5,1439.0,"1439.0, 1939.0",5
1068710,מכונות קפה,‏מכונת אספרסו Breville BES878,‏מכונת אספרסו Breville BES878 ||| השוואה ב-24 חנויות ||| השוואת מחירים ||| מכונת אספרסו Breville BES878 יבואן רשמי ||| קנו עכשיו,5,2953.0,"2953.0, 3588.0",5
1071842,בשמים לגבר,בושם לגבר Jimmy Choo Intense E.D.T 200ml,"בושם לגבר Jimmy Choo Intense E.D.T 200ml ||| השוואה ב-12 חנויות ||| השוואת מחירים ||| Jimmy Choo Man Intense Men EDT 200 ML בושם לגבר גימי צו אינטנס א.ד.ט 200 מ""ל ||| בושם לגבר ג'ימי צ'ו JIMMY CHOO INTENSE 200 ML E.D.T ||| בושם לגבר גימי צו אינטנס 200 מל - Jimmy Choo Man Intense EDT 200 ml ||| ג׳ימי צ׳ו אינטנס לגבר גודל ענק 200 מל א.ד.ט Jimmy Choo Men Intense 200 ml e.d.t ||| ג'ימי צ'ו אינטנס אדט לגבר 200 מ""ל - ג'ימי צ'ו - Jimmy Choo - Intense EDT For Men 200ML ||| Jimmy Choo - Intense EDT For Men 200ML ||| JIMMY CHOO MAN INTENSE BY JIMMY CHOO 200ML EDT ||| Jimmy Choo Man Intense by Jimmy Choo Eau De Toilette Spray for Men 200 ml",11,199.0,"199.0, 214.0, 215.0, 224.0, 229.0, 262.0, 278.0, 279.0, 358.0",12
1087191,מכונות קפה,‏מכונת אספרסו Nespresso Inissia EN 80,‏מכונת אספרסו Nespresso Inissia EN 80 ||| השוואה ב-16 חנויות ||| השוואת מחירים ||| ‏מכונת אספרסו Nespresso Inissia EN 80 נספרסו ||| קנו עכשיו,5,343.0,"343.0, 499.0",5
1092471,מייבשי כביסה,"מייבש כביסה Electrolux EW6C5852CM  ‏8 ‏ק""ג","מייבש כביסה Electrolux EW6C5852CM יבואן רשמי ||| קנו עכשיו ||| מייבש כביסה Electrolux EW6C5852CM  ‏8 ‏ק""ג ||| השוואה ב-16 חנויות ||| השוואת מחירים ||| מייבש כביסה Electrolux EW6C5852CM ‏8 ‏ק''ג אלקטרולוקס ||| מייבש כביסה Electrolux EW6C5852CM ||| מייבש כביסה Electrolux EW6C5852CM 8 ק""ג אלקטרולוקס ||| מייבש כביסה Electrolux EW6C5852CM ‏8 ‏ק""ג ||| מייבש כביסה 8 ק''ג קונדנסור Electrolux EW6C5852CM ||| מייבש כביסה קונדנסור 8 ק""ג EW6C5852CM Electrolux אלקטרולוקס ||| מייבש כביסה קונדנסור 8 ק''ג אלקטרולוקס דגם EW6C5852CM (יבואן רשמי) ||| מייבש כביסה קונדסור 8 ק”ג דלת אטומה EW6C5852CM אלקטרולוקס Electrolux ||| מייבש כביסה קונדנסור 8 קילו Electrolux EW6C5852CM אלקטרולוקס ||| מייבש כביסה ELECTROLUX EW6C5852CM",15,1709.0,"1709.0, 1714.0, 1850.0, 1950.0, 1960.0, 2059.0, 2179.0, 2189.0, 2190.0, 2250.0, 2290.0",16
1095794,מייבשי כביסה,"מייבש כביסה Beko DV8121  ‏8 ‏ק""ג","מייבש כביסה Beko DV8121  ‏8 ‏ק""ג ||| השוואה ב-17 חנויות ||| השוואת מחירים",3,1183.0,1183.0,3
1097383,בשמים לגבר,בושם לגבר Lattafa Pride Of Lattafa Silver Fakhar E.D.P 100ml,בושם לגבר Lattafa Pride Of Lattafa Silver Fakhar E.D.P 100ml ||| השוואה ב-12 חנויות ||| השוואת מחירים,3,74.0,74.0,3
1099301,מייבשי כביסה,"מייבש כביסה Midea MDG80-C05/B09E 6429  ‏8 ‏ק""ג","מייבש כביסה Midea MDG80-C05/B09E 6429  ‏8 ‏ק""ג ||| השוואה ב-17 חנויות ||| השוואת מחירים",3,1344.0,1344.0,3
1102279,בשמים לגבר,בושם לגבר Valentino Uomo Born In Roma E.D.T 100ml,בושם לגבר Valentino Uomo Born In Roma E.D.T 100ml ||| קנו עכשיו ||| השוואה ב-9 חנויות ||| השוואת מחירים,4,339.0,339.0,5
1105069,מכונות קפה,‏מכונת אספרסו Delonghi ECAM350.15.B,‏מכונת אספרסו Delonghi ECAM350.15.B ||| השוואה ב-16 חנויות ||| השוואת מחירים ||| מכונת קפה דלונגי DINAMICA ECAM 350.15.B דלונגי Delonghi ||| מכונת אספרסו אוטומטית 1450 וואט תוצרת DELONGI דגם ECAM 350.15.B ||| מכונת אספרסו Delonghi ECAM350.15.B דה לונגי ||| מכונת אספרסו Delonghi ECAM350.15.B ||| מכונת אספרסו אוטומטית Delonghi דלונגי Dinamica ECAM350.15.B ||| מכונת קפה אוטומטית דלונגי DeLonghi ECAM350.15.B ||| מכונת אספרסו DELONGHI ECAM 350.15.B ||| מכונת קפה טוחנת דלונגי דגם ECAM350.15.B שחור ||| מכונת אספרסו אוטומטית מבית DELONGHI דלונגי דגם ECAM350.15.B ||| ‏מכונת אספרסו Delonghi ECAM350.15.B דה לונגי ||| ‏מכונת קפה אספרסו דה לונגי Delonghi ECAM350.15.B ||| מכונת קפה אוטומטית Delonghi ECAM350.15.B,15,1785.0,"1785.0, 1790.0, 1798.0, 1818.0, 1999.0, 2063.0, 2200.0, 2285.0, 2288.0, 2405.0, 2490.0, 2615.0",15
1105563,מייבשי כביסה,"מייבש כביסה Electrolux EW6C4824CB  ‏8 ‏ק""ג","מייבש כביסה Electrolux EW6C4824CB  ‏8 ‏ק""ג ||| השוואה ב-16 חנויות ||| השוואת מחירים",3,2289.0,2289.0,3
1114609,מכונות קפה,‏מכונת אספרסו Breville Barista Express with Milk Jug Thermal BES875,‏מכונת אספרסו Breville Barista Express with Milk Jug Thermal BES875 ||| השוואה ב-18 חנויות ||| השוואת מחירים,3,2482.0,2482.0,3
1115187,מולטימדיה לרכב,מולטימדיה לרכב Pioneer DEH-S4250BT,מולטימדיה לרכב Pioneer DEH-S4250BT ||| השוואה ב-2 חנויות ||| השוואת מחירים ||| רדיו דיסק לרכב Pioneer DEH-S4250BT עם Bluetooth ||| רדיו דיסק כולל BT PIONEER - יבואן רשמי - DEH-S4250,5,439.0,"439.0, 479.0",5
1115189,מולטימדיה לרכב,מולטימדיה לרכב Pioneer DMH-ZF9350BT,"מולטימדיה לרכב Pioneer DMH-ZF9350BT ||| השוואה ב-2 חנויות ||| השוואת מחירים ||| PIONEER DMH-ZF9350BT-דין אחד- גודל התקנה של רדיו רגיל - 9 אינטש - קאר פליי אלחוטי ||| Pioneer – מולטימדיה לרכב עם Apple CarPlay ו‑Android Auto, דגם DMH‑ZF9350BT",5,3590.0,"3590.0, 4699.0",5
1121265,מכונות קפה,‏מקציף חלב Hemilton HEM-243,‏מקציף חלב Hemilton HEM-243 ||| השוואה ב-15 חנויות ||| השוואת מחירים,3,151.0,151.0,3
1121834,בשמים לגבר,בושם לגבר Nishane Nefs E.D.P 50ml,בושם לגבר Nishane Nefs E.D.P 50ml ||| השוואה ב-7 חנויות ||| השוואת מחירים,3,569.0,569.0,3
1126869,מכונות קפה,‏מכונת אספרסו Breville BES875BSS,‏מכונת אספרסו Breville BES875BSS ||| השוואה ב-17 חנויות ||| השוואת מחירים ||| ‏מכונת אספרסו Breville BES875BSS ברוויל ||| קנו עכשיו,5,2393.0,"2393.0, 2930.0",5
1127066,מכונות קפה,‏מכונת אספרסו Nespresso Citiz&Milk EN267,‏מכונת אספרסו Nespresso Citiz&Milk EN267 ||| השוואה ב-12 חנויות ||| השוואת מחירים ||| מכונת קפה Nespresso נספרסו +מקציף Citiz&Milk EN267 שחור ||| קנו עכשיו ||| השוואת מחירים מכונות קפה‏ ||| ‏מכונת אספרסו Nespresso Citiz&Milk EN267 נספרסו ||| מכונת קפה Nespresso נספרסו +‎מקציף Citiz&Milk EN267 שחור ||| מכונת קפה Nespresso נספרסו +‎מקציף Citiz&Milk EN267 ||| מכונת קפה כולל מקציף חלב CITIZ&MILK NESPRESSO - צבע שחור ||| מכונת קפה נספרסו עם מקציף Nespresso Citiz and Milk EN267 לבן,11,776.0,"776.0, 777.0, 779.0, 790.0, 1144.0",11
1138062,מולטימדיה לרכב,מולטימדיה לרכב Alpine UTE-200BT,מולטימדיה לרכב Alpine UTE-200BT ||| השוואה ב-2 חנויות ||| השוואת מחירים ||| רדיו לרכב ALPINE UTE-200BT ||| רדיו USB ALPINE UTE-200BT - יבואן רשמי !!,5,490.0,"490.0, 572.0",5
1138734,בשמים לגבר,בושם לגבר Givenchy Pi E.D.T 100ml,בושם לגבר Givenchy Pi E.D.T 100ml ||| השוואה ב-12 חנויות ||| השוואת מחירים,3,180.0,180.0,3
1154861,מכונות קפה,‏מכונת אספרסו Delonghi Specialista Prestigio EC 9355.M,‏מכונת אספרסו Delonghi Specialista Prestigio EC 9355.M ||| השוואה ב-17 חנויות ||| השוואת מחירים,3,3218.0,3218.0,3
1155620,מכונות קפה,‏מכונת אספרסו Delonghi La Specialista Arte EC9155,מכונת קפה DeLonghi EC9155.W ||| קנו ב-zapstore ||| ‏מכונת אספרסו Delonghi La Specialista Arte EC9155 ||| השוואה ב-34 חנויות ||| השוואת מחירים ||| Delonghi מכונת קפה DeLonghi EC9155.W ||| קנו עכשיו,7,2004.0,"2004.0, 2229.0",7
1174629,מייבשי כביסה,"מייבש כביסה Midea MD100A70/W  ‏7 ‏ק""ג","מייבש כביסה Midea MD100A70/W  ‏7 ‏ק""ג ||| השוואה ב-25 חנויות ||| השוואת מחירים ||| מייבש כביסה Midea MD100A70/W יבואן רשמי ||| קנו עכשיו",5,729.0,"729.0, 889.0",5
1176916,מייבשי כביסה,"מייבש כביסה AEG TX7G8325M  ‏8 ‏ק""ג","מייבש כביסה AEG TX7G8325M  ‏8 ‏ק""ג ||| השוואה ב-16 חנויות ||| השוואת מחירים",3,2135.0,2135.0,3
1184926,מייבשי כביסה,"מייבש כביסה Zanussi ZDCB284W  ‏8 ‏ק""ג","מייבש כביסה Zanussi ZDCB284W ‏8 ‏ק""ג זנוסי ||| קנו עכשיו ||| מייבש כביסה Zanussi ZDCB284W  ‏8 ‏ק""ג ||| השוואה ב-26 חנויות ||| השוואת מחירים",5,1828.0,"1828.0, 2340.0",5
1190476,מסכי מחשב,מסך מחשב  ‏27 ‏אינטש Samsung Odyssey G6 S27BG650EM QHD,מסך מחשב גיימינג קעור Samsung S27BG650EM 27'' QHD ||| קנו עכשיו ||| מסך מחשב  ‏27 ‏אינטש Samsung Odyssey G6 S27BG650EM QHD ||| השוואה ב-17 חנויות ||| השוואת מחירים,5,1782.0,"1782.0, 2249.0",5
1195536,מסכי מחשב,מסך מחשב  ‏34 ‏אינטש Samsung C34G55TWWP SAML34550 UWQHD,מסך מחשב  ‏34 ‏אינטש Samsung C34G55TWWP SAML34550 UWQHD ||| השוואה ב-14 חנויות ||| השוואת מחירים ||| מסך מחשב גיימינג קעור Samsung C34G55TWWP 34'' WQHD ||| קנו עכשיו,5,1298.0,"1298.0, 1540.0",5
1195550,מזגנים,‏מזגן עילי INV 30X EU שנת 2023 Saga יבואן רשמי,‏מזגן עילי INV 30X EU שנת 2023 Saga יבואן רשמי ||| קנו עכשיו,2,3321.0,3321.0,2
1200012,מכונות קפה,‏מכונת אספרסו Delonghi Dedica Arte EC885,‏מכונת אספרסו Delonghi Dedica Arte EC885 ||| השוואה ב-24 חנויות ||| השוואת מחירים ||| ‏מכונת אספרסו Delonghi Dedica Arte EC885 דה לונגי ||| קנו עכשיו,5,897.0,"897.0, 920.0",5
1202429,מסכי מחשב,מסך מחשב  ‏34 ‏אינטש Samsung ViewFinity S5 S34C500GAM UWQHD,מסך מחשב  ‏34 ‏אינטש Samsung ViewFinity S5 S34C500GAM UWQHD ||| השוואה ב-18 חנויות ||| השוואת מחירים,3,1298.0,1298.0,3
1206410,מייבשי כביסה,"Siemens מייבש כביסה משאבת חום 9 ק""ג סימנס דגם WQ41G29IL","Siemens מייבש כביסה משאבת חום 9 ק""ג סימנס דגם WQ41G29IL ||| קנו עכשיו",2,4590.0,4590.0,2
1206928,בשמים לגבר,בושם לגבר Yves Saint Laurent MYSLF E.D.P 100ml,בושם לגבר Yves Saint Laurent MYSLF E.D.P 100ml ||| השוואה ב-11 חנויות ||| השוואת מחירים,3,362.0,362.0,3
1207103,מכונות קפה,‏מקציף חלב Hemilton HEM-265/HEM-264,‏מקציף חלב Hemilton HEM-265/HEM-264 ||| השוואה ב-12 חנויות ||| השוואת מחירים,3,195.0,195.0,3
1209372,מייבשי כביסה,"מייבש כביסה Bosch WTH9281IL  ‏8 ‏ק""ג","מייבש כביסה Bosch WTH9281IL  ‏8 ‏ק""ג ||| השוואה ב-12 חנויות ||| השוואת מחירים",3,2406.0,2406.0,3
1210228,מסכי מחשב,מסך מחשב  ‏27 ‏אינטש Lenovo ThinkVision T27hv-30 63D6UAT3IS QHD,מסך מחשב  ‏27 ‏אינטש Lenovo ThinkVision T27hv-30 63D6UAT3IS QHD ||| השוואה ב-17 חנויות ||| השוואת מחירים,3,1439.0,1439.0,3
1210232,מסכי מחשב,מסך מחשב  ‏27 ‏אינטש Mag G27IPS Full HD,מסך מחשב  ‏27 ‏אינטש Mag G27IPS Full HD ||| השוואה ב-18 חנויות ||| השוואת מחירים,3,489.0,489.0,3
1210730,מייבשי כביסה,"מייבש כביסה AEG ADS754P5WBM  ‏7.5 ‏ק""ג","מייבש כביסה AEG ADS754P5WBM  ‏7.5 ‏ק""ג ||| השוואה ב-22 חנויות ||| השוואת מחירים",3,1246.0,1246.0,3
1215489,בשמים לגבר,"Sospiro Vibrato Unisex Eau De Parfum Spray 100 ml סוספירו ויברטו אדפ יוניסקס 100 מ""ל","Sospiro Vibrato Unisex Eau De Parfum Spray 100 ml סוספירו ויברטו אדפ יוניסקס 100 מ""ל ||| קנו עכשיו",2,645.0,645.0,2
1216847,מסכי מחשב,מסך מחשב  ‏27 ‏אינטש Samsung Odyssey G5 G55C LS27CG552EMXUE WQHD,מסך מחשב  ‏27 ‏אינטש Samsung Odyssey G5 G55C LS27CG552EMXUE WQHD ||| השוואה ב-19 חנויות ||| השוואת מחירים ||| מסך מחשב גיימינג קעור Samsung S27CG552EM 27'' QHD ||| קנו עכשיו,5,948.0,"948.0, 1174.0",5
1216848,מסכי מחשב,מסך מחשב  ‏32 ‏אינטש Samsung Odyssey G5 G55C LS32CG552EMXUE WQHD,מסך מחשב  ‏32 ‏אינטש Samsung Odyssey G5 G55C LS32CG552EMXUE WQHD ||| השוואה ב-20 חנויות ||| השוואת מחירים ||| מסך מחשב גיימינג קעור Samsung S32CG552EM 31.5'' QHD ||| קנו עכשיו,5,1195.0,"1195.0, 1482.0",5
1217017,בשמים לגבר,בושם לגבר Christian Dior Sauvage Elixir E.D.P 100ml,בושם לגבר Christian Dior Sauvage Elixir E.D.P 100ml ||| השוואה ב-11 חנויות ||| השוואת מחירים,3,779.0,779.0,3
1217086,מזגנים,"‏מזגן נייד Tornado To Go 14 EU  ‏1.0 ‏כ""ס","‏מזגן נייד Tornado To Go 14 EU  ‏1.0 ‏כ""ס ||| השוואה ב-24 חנויות ||| השוואת מחירים",3,895.0,895.0,3
1217468,בשמים לגבר,"לה מאל אליקסיר פרפיום לגבר 125 מ""ל - ז'אן פול גוטייה - Jean Paul Gaultier - Le Male Elixir Parfum For Men 125ML","לה מאל אליקסיר פרפיום לגבר 125 מ""ל - ז'אן פול גוטייה - Jean Paul Gaultier - Le Male Elixir Parfum For Men 125ML ||| קנו עכשיו",2,389.0,389.0,2
1218026,מכונות קפה,‏מכונת אספרסו Smeg ECF02,‏מכונת אספרסו Smeg ECF02 ||| השוואה ב-16 חנויות ||| השוואת מחירים,3,1649.0,1649.0,3
1220828,מסכי מחשב,מסך מחשב  ‏27 ‏אינטש Xiaomi Gaming Monitor G27i P27FBB-RGGL Full HD,מסך מחשב  ‏27 ‏אינטש Xiaomi Gaming Monitor G27i P27FBB-RGGL Full HD ||| השוואה ב-21 חנויות ||| השוואת מחירים,3,525.0,525.0,3
1221113,מסכי מחשב,מסך מחשב קעור Dell UltraSharp U3425WE 34.14 WQHD,מסך מחשב קעור Dell UltraSharp U3425WE 34.14 WQHD ||| קנו עכשיו,2,3468.0,3468.0,2
1221543,מייבשי כביסה,"מייבש כביסה Bosch WTN85203IL  ‏8 ‏ק""ג","מייבש כביסה Bosch WTN85203IL  ‏8 ‏ק""ג ||| השוואה ב-11 חנויות ||| השוואת מחירים",3,2095.0,2095.0,3
1223839,מסכי מחשב,מסך מחשב  ‏24 ‏אינטש Philips 24E1N1100A 36208-240-23 Full HD,"מסך מחשב  ‏24 ‏אינטש Philips 24E1N1100A 36208-240-23 Full HD ||| השוואה ב-30 חנויות ||| השוואת מחירים ||| מסך מחשב 24 אינץ Full HD IPS עם 120Hz, 1ms MPRT, רמקולים מובנים והגנת עיניים Philips 24E1N1100A ||| קנו עכשיו",5,303.0,"303.0, 379.0",5
1223841,מסכי מחשב,מסך מחשב  ‏27 ‏אינטש Philips 27E1N1100A 36208-270-27 Full HD,מסך מחשב  ‏27 ‏אינטש Philips 27E1N1100A 36208-270-27 Full HD ||| השוואה ב-24 חנויות ||| השוואת מחירים ||| מסך מחשב ‏27 ‏אינטש Philips 27E1N1100A Full HD פיליפס ||| קנו עכשיו,5,415.0,"415.0, 564.0",5
1224100,מכונות קפה,‏מכונת אספרסו Gaggia EG2109,‏מכונת אספרסו Gaggia EG2109 ||| השוואה ב-16 חנויות ||| השוואת מחירים,3,789.0,789.0,3
1224524,מזגנים,"‏מזגן עילי Electra Magic Touch Inverter 140  ‏1.0 ‏כ""ס","‏מזגן עילי Electra Magic Touch Inverter 140  ‏1.0 ‏כ""ס ||| השוואה ב-26 חנויות ||| השוואת מחירים",3,1389.0,1389.0,3
1224552,מזגנים,"‏מזגן עילי Electra A Inverter 170  ‏1.25 ‏כ""ס","‏מזגן עילי Electra A Inverter 170  ‏1.25 ‏כ""ס ||| השוואה ב-27 חנויות ||| השוואת מחירים",3,1450.0,1450.0,3
1224553,מזגנים,"‏מזגן עילי Electra A Inverter 140  ‏1.0 ‏כ""ס","‏מזגן עילי Electra A Inverter 140  ‏1.0 ‏כ""ס ||| השוואה ב-30 חנויות ||| השוואת מחירים",3,1278.0,1278.0,3
1224555,מזגנים,"‏מזגן עילי Electra A Inverter 340  ‏2.5 ‏כ""ס","‏מזגן עילי Electra A Inverter 340  ‏2.5 ‏כ""ס ||| השוואה ב-31 חנויות ||| השוואת מחירים",3,3246.0,3246.0,3
1224556,מזגנים,"‏מזגן עילי Electra A Inverter 390  ‏3.5 ‏כ""ס","‏מזגן עילי Electra A Inverter 390  ‏3.5 ‏כ""ס ||| השוואה ב-27 חנויות ||| השוואת מחירים",3,4188.0,4188.0,3
1224557,מזגנים,"‏מזגן עילי Electra A Inverter 450  ‏4.0 ‏כ""ס","‏מזגן עילי Electra A Inverter 450  ‏4.0 ‏כ""ס ||| השוואה ב-27 חנויות ||| השוואת מחירים",3,5099.0,5099.0,3
1224796,מסכי מחשב,מסך מחשב  ‏23.8 ‏אינטש Dell P2425H Full HD,"מסך מחשב  ‏23.8 ‏אינטש Dell P2425H Full HD ||| השוואה ב-20 חנויות ||| השוואת מחירים ||| מסך מחשב Dell P2425H 23.8 Full HD ||| קנו עכשיו ||| מסך מחשב ‏23.8 ‏אינטש Dell P2425H Full HD דל ||| מסך מחשב Dell P2425H ‏23.8 ‏אינטש Full HD דל ||| מסך מחשב Dell Pro 24 Plus Monitor - P2425H ||| מסך מחשב דל Dell 24 Monitor - P2425H, 60.5cm (23.8"") ||| מסך מחשב Dell 23.8"" P2425H FHD IPS ||| מסך מחשב Dell 24Inch Monitor - P2425H ||| מסך מחשב Dell P2425H FHD IPS HDMI ''24 ||| מסך מחשב ‏23.8 ‏אינטש Dell P2425H Full HD ||| מסך מחשב DELL P2425H ‏24 ‏אינטש דל ||| Dell P2425H – מסך 24 אינץ' עם חיבור USB-C ||| מסך Dell 24 Monitor - P2425H",16,499.0,"499.0, 525.0, 529.0, 539.0, 598.0, 631.0, 740.0, 805.0, 820.0, 822.0",17
1225071,מסכי מחשב,מסך מחשב  ‏27 ‏אינטש Dell P2725H Full HD,מסך מחשב  ‏27 ‏אינטש Dell P2725H Full HD ||| השוואה ב-21 חנויות ||| השוואת מחירים,3,599.0,599.0,3
1225207,מזגנים,"‏מזגן עילי Tadiran Alpha Pro Inverter 140 NG  ‏1.0 ‏כ""ס","‏מזגן עילי Tadiran Alpha Pro Inverter 140 NG ‏1.0 ‏כ''ס יבואן רשמי ||| קנו עכשיו ||| ‏מזגן עילי Tadiran Alpha Pro Inverter 140 NG  ‏1.0 ‏כ""ס ||| השוואה ב-16 חנויות ||| השוואת מחירים",5,1560.0,"1560.0, 1868.0",5
1225208,מזגנים,מזגן עילי Tadiran Alpha Pro Inverter 180 NG ‏1.25 ‏כ''ס יבואן רשמי,מזגן עילי Tadiran Alpha Pro Inverter 180 NG ‏1.25 ‏כ''ס יבואן רשמי ||| קנו עכשיו,2,1998.0,1998.0,2
1225209,מזגנים,"‏מזגן עילי Tadiran Alpha Pro Inverter 240 NG  ‏2.0 ‏כ""ס","‏מזגן עילי Tadiran Alpha Pro Inverter 240 NG  ‏2.0 ‏כ""ס ||| השוואה ב-23 חנויות ||| השוואת מחירים",3,3087.0,3087.0,3
1225210,מזגנים,"‏מזגן עילי Tadiran Alpha Pro Inverter 340 NG  ‏2.5 ‏כ""ס","‏מזגן עילי Tadiran Alpha Pro Inverter 340 NG  ‏2.5 ‏כ""ס ||| השוואה ב-26 חנויות ||| השוואת מחירים ||| Tadiran מזגן עילי אינוורטר תדיראן דגם ALPHA PRO INV 340NG ||| קנו עכשיו ||| ‏מזגן עילי Tadiran Alpha Pro Inverter 340 NG ‏2.5 ‏כ''ס תדיראן | אחריות יבואן רשמי ||| מזגן עילי TADIRAN ALPHA PRO INV 340 NG ||| מזגן עילי Tadiran Alpha Pro Inverter 340 NG ‏2.5 ‏כ''ס תדיראן ||| מזגן עילי TADIRAN ALPHA PRO INV 340 NG תדיראן (2.5 כ""ס) ||| מזגן תדיראן עילי 2.5 כ""ס Alpha Pro Inv 340 NG ||| ‏מזגן עילי Tadiran Alpha Pro Inverter 340 NG ‏2.5 ‏כ""ס תדיראן ||| ‏מזגן עילי Tadiran Alpha Pro Inverter 340 NG ‏2.5 ‏כ""ס תדיראן / יבואן רשמי / משלוח חינם ||| ‏מזגן עילי TADIRAN ALPHA PRO INVERTER 340NG ||| ‏מזגן עילי Alpha Pro Inverter 340 NG Tadiran ‏2.5 ‏כ""ס תדיראן ||| מזגן עילי תדיראן 2.5 כ""ס דגם Alpha Pro Inv 340 NG ||| ‏מזגן עילי Alpha Pro Inverter 340 NG שנת 2024 Tadiran ‏2.5 ‏כ""ס תדיראן ||| מזגן עילי אינוורטר תדיראן דגם ALPHA PRO INV 340NG ||| מזגן עילי Tadiran Alpha Pro Inverter 340 NG ‏2.5 ‏כ""ס יבואן רשמי ||| מזגן עילי TADIRAN ALPHA PRO INV 340NG 2025 ||| מזגן עילי Tadiran Alpha Pro Inverter 340 NG ‏2.5 ‏כ''ס יבואן רשמי ||| מזגן תדיראן אלפא פרו אינוורטר דגם TADIRAN ALPHA PRO INVERTER 340NG ||| מזגן עילי ALPHA PRO INV 340NG תדיראן Tadiran ||| מזגן עילי TADIRAN ALPHA PRO INV 340NG ||| מזגן עילי TADIRAN ALPHA PRO INV 340 NG 2024 ||| מזגן עילי תדיראן Tadiran Alpha Pro Inverter 340NG ||| מזגן עילי Tadiran Alpha Pro Inverter 340NG ||| מזגן עילי 2.5 כ""ס תדיראן TADIRAN ALPHA PRO INVERTER 340NG לבן ||| מזגן עילי אלפא פרו תדיראן TADIRAN ALPHA PRO INV 340NG",28,4190.0,"4190.0, 4198.0, 4200.0, 4229.0, 4249.0, 4250.0, 4299.0, 4308.0, 4350.0, 4499.0, 4589.0, 4590.0, 4665.0, 4690.0, 4743.0, 4790.0, 4890.0, 4990.0, 4992.0",28
1225211,מזגנים,"‏מזגן עילי Tadiran Alpha Pro Inverter 370 NG  ‏3.5 ‏כ""ס","‏מזגן עילי Tadiran Alpha Pro Inverter 370 NG  ‏3.5 ‏כ""ס ||| השוואה ב-21 חנויות ||| השוואת מחירים",3,5097.0,5097.0,3
1225416,מסכי מחשב,"מסך מחשב  ‏27 ‏אינטש Xiaomi Monitor A27i IPS 27"" 81067 Full HD","מסך מחשב  ‏27 ‏אינטש Xiaomi Monitor A27i IPS 27"" 81067 Full HD ||| השוואה ב-16 חנויות ||| השוואת מחירים",3,480.0,480.0,3
1225992,מכונות קפה,‏מכונת אספרסו Delonghi Magnifica Start ECAM220.60.B,‏מכונת אספרסו Delonghi Magnifica Start ECAM220.60.B ||| השוואה ב-16 חנויות ||| השוואת מחירים,3,1948.0,1948.0,3
1226130,מייבשי כביסה,"מייבש כביסה Bosch WQG2419IL  ‏9 ‏ק""ג","מייבש כביסה Bosch WQG2419IL  ‏9 ‏ק""ג ||| השוואה ב-9 חנויות ||| השוואת מחירים",3,2750.0,2750.0,3
1226172,מכונות קפה,‏מכונת אספרסו Delonghi Rivelia EXAM440.55,‏מכונת אספרסו Delonghi Rivelia EXAM440.55 ||| השוואה ב-19 חנויות ||| השוואת מחירים,3,3498.0,3498.0,3
1227058,מייבשי כביסה,"מייבש כביסה Electrolux EDV754H3WBM  ‏7.5 ‏ק""ג","מייבש כביסה Electrolux EDV754H3WBM  ‏7.5 ‏ק""ג ||| השוואה ב-22 חנויות ||| השוואת מחירים ||| מייבש כביסה Electrolux EDV754H3WBM יבואן רשמי ||| קנו עכשיו",5,1272.0,"1272.0, 1890.0",5
1228112,מסכי מחשב,מסך מחשב Xiaomi Curved Gaming Monitor G34WQi UWQHD,"מסך מחשב קעור ""34 Xiaomi Curved Gaming Monitor G34WQi UWQHD ||| קנו ב-zapstore ||| מסך מחשב Xiaomi Curved Gaming Monitor G34WQi UWQHD ||| השוואה ב-19 חנויות ||| השוואת מחירים ||| קנו עכשיו ||| מסך מחשב Xiaomi Curved Gaming Monitor G34WQi UWQHD יבואן רשמי !!! ||| מסך מחשב גיימינג קעור ''Xiaomi G34WQi WQHD 34 ||| מסך מחשב גיימינג קעור ''34 שיאומי Xiaomi Curved Gaming Monitor G34WQi ||| מסך מחשב גיימינג קעור 34'' Xiaomi WQHD שיאומי Curved Gaming Monitor G34WQi ||| Xiaomi G34WQi מסך מחשב גיימינג קעור 34 אינץ' שנתיים אחריות יבואן רשמי ||| מסך מחשב Xiaomi Curved Gaming Monitor G34WQi UWQHD שיאומי ||| Xiaomi Curved Gaming Monitor G34WQi UWQHD ||| Xiaomi - שיאומי Xiaomi - שיאומי מסך מחשב קעור ""34 G34WQi ||| מסך מחשב גיימינג קעור 34 שיאומי Xiaomi Curved Gaming Monitor G34WQi ||| מסך מחשב XIAOMI CURVED GAMING MONITOR G34WQi",16,1049.0,"1049.0, 1099.0, 1125.0, 1149.0, 1245.0, 1248.0, 1249.0, 1270.0, 1390.0, 1399.0, 1407.0, 1450.0",18
1229475,מזגנים,"‏מזגן עילי Electra AI Inverter 150  ‏1.0 ‏כ""ס","‏מזגן עילי Electra AI Inverter 150  ‏1.0 ‏כ""ס ||| השוואה ב-23 חנויות ||| השוואת מחירים ||| ‏מזגן עילי Electra AI Inverter 150 ‏1.0 ‏כ""ס אלקטרה ||| ‏מזגן עילי Electra AI Inverter 150 ‏1.0 ‏כ''ס אלקטרה ||| מזגן עילי ELECTRA AI INVERTER 150 ||| מזגן עילי Electra AI INV 150 אלקטרה / יבואן רשמי / משלוח חינם ||| מזגן עילי אלקטרה דגם Electra AI INV 150 שנת 2025 ||| מזגן אלקטרה עילי 1 כ""ס AI Inverter 150 ||| Electra AI INV 150 מזגן עילי ||| ‏מזגן עילי AI Inverter 150 שנת 2024 Electra ‏1.0 ‏כ""ס אלקטרה ||| מזגן עילי אלקטרה Electra AI INV 150 ||| מזגן עילי אלקטרה Electra AI INV 150 (1 כ""ס) שנת 2024 ||| מזגן עילי ELECTRA AI INVERTER 150 2024 ||| מזגן עילי אינוורטר אלקטרה דגם AI 150 INV ||| מזגן עילי ELECTRA AI INV 150 ||| מזגן עילי אלקטרה 1 כ""ס דגם AI Inverter 150 ||| מזגן עילי Electra AI INV 150 אלקטרה צבע לבן ||| מזגן עילי Electra AI INV 150 אלקטרה ||| מזגן עילי Electra AI Inverter 150 ‏1.0 ‏כ''ס אלקטרה | יבואן רשמי ||| מזגן עילי Electra Ai Inverter 150 ||| מזגן עילי Electra AI Inverter 150 יבואן רשמי",22,1588.0,"1588.0, 1589.0, 1590.0, 1600.0, 1629.0, 1630.0, 1645.0, 1650.0, 1699.0, 1700.0, 1708.0, 1790.0, 1800.0, 1885.0, 1949.0, 2080.0",22
1229828,מזגנים,"‏מזגן עילי Tadiran Solo Inverter 140 NG  ‏1.0 ‏כ""ס","‏מזגן עילי Tadiran Solo Inverter 140 NG  ‏1.0 ‏כ""ס ||| השוואה ב-34 חנויות ||| השוואת מחירים ||| מזגן עילי Tadiran Solo Inverter 140 NG ‏1.0 ‏כ''ס יבואן רשמי ||| קנו עכשיו",5,1330.0,"1330.0, 1602.0",5
1229829,מזגנים,"‏מזגן עילי Tadiran Solo Inverter 180 NG  ‏1.25 ‏כ""ס","‏מזגן עילי Tadiran Solo Inverter 180 NG  ‏1.25 ‏כ""ס ||| השוואה ב-30 חנויות ||| השוואת מחירים ||| ‏מזגן עילי Tadiran Solo Inverter 180 NG ‏1.25 ‏כ''ס יבואן רשמי ||| קנו עכשיו ||| מזגן עילי TADIRAN SOLO INVERTER 180 NG 2024 ||| ‏מזגן עילי Tadiran Solo Inverter 180 NG ‏1.25 ‏כ''ס תדיראן|יבואן רישמי על ידי תדיראן ||| מזגן עילי TADIRAN SOLO INVERTER 180 NG ||| ‏מזגן עילי Tadiran Solo Inverter 180 NG ‏1.25 ‏כ""ס תדיראן / יבואן רשמי / משלוח חינם ||| ‏מזגן עילי Tadiran Solo Inverter 180 NG ‏1.25 ‏כ''ס תדיראן ||| ‏מזגן עילי Tadiran Solo Inverter 180 NG ‏1.25 ‏כ""ס תדיראן ||| מזגן עילי Solo Inverter 180 NG Tadiran 1.25 כ""ס תדיראן ||| מזגן עילי TADIRAN SOLO INV 180 NG תדיראן (1.25 כ""ס) שנת 2024 ||| ‏מזגן עילי Solo Inv 180NG שנת 2023 Tadiran ‏1.25 ‏כ""ס תדיראן ||| מזגן עילי תדיראן דגם TADIRAN SOLO INVERTER 180NG ||| ‏מזגן עילי Solo Inverter 180NG שנת 2023 Tadiran ‏1.25 ‏כ""ס תדיראן ||| ‏מזגן עילי ‏1.25 ‏כ''ס תדיראן Tadiran Inverter Solo 180NG (2023) WiFi ||| ‏מזגן עילי Solo Inverter 180NG Tadiran ‏1.25 ‏כ""ס תדיראן ||| מזגן עילי Solo Inv 180NG שנת 2023 Tadiran ‏1.25 ‏כ”ס תדיראן ||| מזגן עילי TADIRAN SOLO INV 180NG 2024 ||| מזגן עילי SOLO INVERTER 180NG ||| מזגן עילי סולו תדיראן TADIRAN SOLO INV 180NG ||| מזגן עילי Tadiran Solo Inv 180NG ‏1.25 ‏כ''ס תדיראן ||| מזגן עילי תדיראן 1 כ""ס דגם Solo Inv 180 NG ||| מזגן עילי 1.25 כ""ס תדיראן אינוורטר SOLO INVERTER 180NG שנת 2025 ||| מזגן עילי TADIRAN SOLO INV 180NG ||| מזגן עילי Tadiran Solo Inv 180NG תדיראן ||| ‏מזגן עילי Tadiran Solo Inverter 180 NG ‏1.25 ‏כ""ס יבואן רשמי ||| מזגן עילי 1.25 כ""ס תדיראן TADIRAN SOLO INVERTER 180NG ||| ‏מזגן עילי SOLO INV 180NG TADIRAN ||| מזגן עילי Tadiran Solo Inverter 180NG 10900BTU ||| מזגן עילי תדיראן דגם TADIRAN SOLO INVERTER 180NG שנת 2025",32,1560.0,"1560.0, 1565.0, 1570.0, 1580.0, 1590.0, 1598.0, 1599.0, 1638.0, 1649.0, 1670.0, 1680.0, 1687.0, 1720.0, 1745.0, 1749.0, 1758.0, 1759.0, 1770.0, 1780.0, 1787.0, 1790.0, 2089.0, 2090.0",33
1229830,מזגנים,"‏מזגן עילי Tadiran Solo Inverter 240 NG  ‏2.0 ‏כ""ס","‏מזגן עילי Tadiran Solo Inverter 240 NG  ‏2.0 ‏כ""ס ||| השוואה ב-29 חנויות ||| השוואת מחירים",3,2810.0,2810.0,3
1229831,מזגנים,"‏מזגן עילי Tadiran Solo Inverter 340 NG  ‏2.5 ‏כ""ס","‏מזגן עילי Tadiran Solo Inverter 340 NG  ‏2.5 ‏כ""ס ||| השוואה ב-31 חנויות ||| השוואת מחירים",3,3540.0,3540.0,3
1229832,מזגנים,"‏מזגן עילי Tadiran Solo Inverter 370 NG  ‏3.5 ‏כ""ס","‏מזגן עילי Tadiran Solo Inverter 370 NG  ‏3.5 ‏כ""ס ||| השוואה ב-32 חנויות ||| השוואת מחירים",3,4601.0,4601.0,3
1231089,מסכי מחשב,מסך מחשב LG UltraGear24GS50F-B Full HD,מסך מחשב LG UltraGear24GS50F-B Full HD ||| השוואה ב-17 חנויות ||| השוואת מחירים,3,573.0,573.0,3
1231628,מסכי מחשב,מסך מחשב  ‏27 ‏אינטש LG UltraGear27GS50FB Full HD,"מסך מחשב  ‏27 ‏אינטש LG UltraGear27GS50FB Full HD ||| השוואה ב-15 חנויות ||| השוואת מחירים ||| מסך מחשב גיימינג LG 27"" UltraGear 27GS50F-B FHD VA 16:9 HDR10 180Hz ||| מסך מחשב ‏27 ‏אינטש LG UltraGear27GS50FB Full HD - יבואן רשמי ||| מסך מחשב גיימינג ''LG UltraGear 27GS50F-B FHD VA 180Hz 27 ||| מסך ''27 גיימינג UltraGear™ FHD VA 180Hz דגם 27GS50F-B ||| מסך גיימינג ""27 27GS50F-B אל ג'י - LG LG ||| מסך מחשב ‏27 ‏אינטש LG UltraGear 27GS50F-B Full HD ||| מסך ''27 גיימינג UltraGear™ FHD VA 180Hz תומך ™HDR10 / FreeSync 27GS50F-B LG ||| מסך מחשב LG UltraGear 27"" Gaming Monitor / 27GS50F-B ||| מסך גיימינג LG UltraGear 27GS50F-B‏27 ‏אינטש Full HD ||| מסך מחשב LG UltraGear 27GS50F-B Full HD ||| מסך מחשב גיימינג LG UltraGear 27GS50F-B 27"" Full HD 180Hz HDR10",14,699.0,"699.0, 749.0, 750.0, 849.0, 870.0",14
1232360,מכונות קפה,מכונת אספרסו Delonghi ECAM21.117.B,מכונת אספרסו Delonghi ECAM21.117.B ||| קנו עכשיו,2,1379.0,1379.0,2
1233736,מייבשי כביסה,"מייבש כביסה LG FD1609BD  ‏9 ‏ק""ג","מייבש כביסה LG FD1609BD ‏9 ‏ק""ג ||| קנו עכשיו ||| מייבש כביסה LG FD1609BD  ‏9 ‏ק""ג ||| השוואה ב-18 חנויות ||| השוואת מחירים",5,3525.0,"3525.0, 3850.0",5
1236583,מסכי מחשב,מסך מחשב  ‏27 ‏אינטש AOC GAM C27G4ZXE Full HD,מסך מחשב  ‏27 ‏אינטש AOC GAM C27G4ZXE Full HD ||| השוואה ב-19 חנויות ||| השוואת מחירים,3,719.0,719.0,3
1240953,מסכי מחשב,מסך מחשב Samsung Essential S3 S27D362GAM Full HD,מסך מחשב Samsung Essential S3 S27D362GAM Full HD ||| השוואה ב-17 חנויות ||| השוואת מחירים,3,534.0,534.0,3
1240954,מסכי מחשב,מסך מחשב Samsung Odyssey G3 S27DG302EM Full HD,מסך מחשב Samsung Odyssey G3 S27DG302EM Full HD ||| השוואה ב-17 חנויות ||| השוואת מחירים,3,849.0,849.0,3
1241809,מכונות קפה,‏מכונת אספרסו Ninja Luxe Essential ES501EU,‏מכונת אספרסו Ninja Luxe Essential ES501EU ||| השוואה ב-8 חנויות ||| השוואת מחירים,3,1369.0,1369.0,3
1242099,בשמים לגבר,בושם לגבר Jean Paul Gaultier Le Beau E.D.P Intense 125ml,בושם לגבר Jean Paul Gaultier Le Beau E.D.P Intense 125ml ||| קנו עכשיו,2,389.0,389.0,2
1242558,בשמים לגבר,"אקווה דה ג'יאו פרופונדו אדפ לגבר 100 מ""ל - ג'ורג'יו ארמני - Giorgio Armani - Acqua Di Gio Profondo EDP For Men 100ML","אקווה דה ג'יאו פרופונדו אדפ לגבר 100 מ""ל - ג'ורג'יו ארמני - Giorgio Armani - Acqua Di Gio Profondo EDP For Men 100ML ||| קנו עכשיו",2,389.0,389.0,2
1243868,מייבשי כביסה,"מייבש כביסה Samsung DV90DG52A0AE  ‏9 ‏ק""ג","מייבש כביסה Samsung DV90DG52A0AE  ‏9 ‏ק""ג ||| השוואה ב-28 חנויות ||| השוואת מחירים ||| Samsung DV90DG52A0AE – מייבש כביסה 9 ק''ג בטכנולוגיית Heatpump | יבואן רשמי ||| קנו עכשיו ||| מייבש כביסה Samsung DV90DG52A0AE ‏9 ‏קג סמסונג ||| Samsung DV90DG52A0AE – מייבש כביסה 9 ק''ג בטכנולוגיית Heatpump ||| מייבש כביסה Samsung DV90DG52A0AE ‏9 ‏ק""ג סמסונג ||| מייבש כביסה קונדנסור 9 ק''ג כולל משאבת חום Samsung DV90DG52A0AE | סמסונג ||| מייבש כביסה קונדנסור 9 ק''ג כולל משאבת חום Samsung סמסונג DV90DG52A0AE *ניופרו היבואן הרשמי* ||| מייבש כביסה קונדנסור - Samsung DV90DG52A0AE ||| מייבש כביסה 9 ק''ג קונדנסור Samsung DV90DG52A0AE ||| מייבש כביסה Samsung DV90DG52A0AE ‏9 ‏ק''ג יבואן רשמי ||| מייבש כביסה 9 ק''ג Samsung DV90DG52A0AE משאבת חום - סמסונג ישראל היבואן הרישמי ||| מייבש כביסה קונדנסור - 9 ק""ג כולל משאבת חום Samsung סמסונג DV90DG52A0AE ||| מייבש כביסה Samsung DV90DG52A0AE יבואן רשמי ||| מייבש כביסה 9 ק""ג SAMSUNG סמסונג דגם DV90DG52A0AE ||| מייבש כביסה משאבת חום 9 ק""ג סמסונג דגם DV90DG52A0AE ||| מייבש כביסה משאבת חום 9 קילו סמסונג SAMSUNG DV90DG52A0AE ||| מייבש כביסה Samsung DV90DG52A0AE ‏9 ‏ק''ג סמסונג ||| מייבש כביסה פתח חזית HeatPump קונדנסור 9 ק''ג Samsung SmartThings DV90DG52A0AE - צבע לבן דלת שחורה ||| מייבש כביסה קונדנסור - 9 ק""ג כולל משאבת חום Samsung DV90DG52A0AE סמסונג - Samsung Samsung ||| מייבש כביסה משאבת חום 9 ק''ג סמסונג דגם Samsung DV90DG52A0AE ניופרו ||| מייבש כביסה SAMSUNG DV90DG52A0AE ||| DV90DG52A0AE מייבש כביסה 9 ק""ג בטכנולוגי",25,2749.0,"2749.0, 2750.0, 2774.0, 2785.0, 2800.0, 2870.0, 2898.0, 2918.0, 2949.0, 2989.0, 2990.0, 3150.0, 3190.0, 3231.0, 3313.0, 3325.0, 3490.0, 3800.0",26
1244668,מזגנים,"‏מזגן עילי Tadiran Sfera Inverter 10 NG  ‏1.0 ‏כ""ס","‏מזגן עילי Tadiran Sfera Inverter 10 NG  ‏1.0 ‏כ""ס ||| השוואה ב-27 חנויות ||| השוואת מחירים ||| מזגן עילי Tadiran Sfera Inverter 10 NG יבואן רשמי ||| קנו עכשיו",5,972.0,"972.0, 1290.0",5
1244669,מזגנים,"‏מזגן עילי Tadiran Sfera Inverter 15 NG  ‏1.25 ‏כ""ס","‏מזגן עילי Tadiran Sfera Inverter 15 NG  ‏1.25 ‏כ""ס ||| השוואה ב-28 חנויות ||| השוואת מחירים",3,1156.0,1156.0,3
1244670,מזגנים,"‏מזגן עילי Tadiran Sfera Inverter 18 NG  ‏1.5 ‏כ""ס","‏מזגן עילי Tadiran Sfera Inverter 18 NG  ‏1.5 ‏כ""ס ||| השוואה ב-25 חנויות ||| השוואת מחירים",3,1869.0,1869.0,3
1244671,מזגנים,"‏מזגן עילי Tadiran Sfera Inverter 21 NG  ‏2.0 ‏כ""ס","‏מזגן עילי Tadiran Sfera Inverter 21 NG  ‏2.0 ‏כ""ס ||| השוואה ב-27 חנויות ||| השוואת מחירים",3,2161.0,2161.0,3
1245761,מזגנים,מזגן עילי Tadiran Supreme Inverter 180NG Carbon אפורר קרבון יבואן רשמי,מזגן עילי Tadiran Supreme Inverter 180NG Carbon אפורר קרבון יבואן רשמי ||| קנו עכשיו,2,2477.0,2477.0,2
1245862,מזגנים,"‏מזגן עילי Tornado Smart INV 12X Wifi EU  ‏1.0 ‏כ""ס","Tornado מזגן עילי 1 כ''ס TORNADO טורנדו דגם SMART-INV-12 X WIFI EU ||| קנו עכשיו ||| ‏מזגן עילי Tornado Smart INV 12X Wifi EU  ‏1.0 ‏כ""ס ||| השוואה ב-20 חנויות ||| השוואת מחירים",5,1249.0,"1249.0, 1560.0",5
1247903,מסכי מחשב,מסך מחשב Dell UltraSharp U2725QE 4K,מסך מחשב Dell UltraSharp U2725QE 4K ||| השוואה ב-9 חנויות ||| השוואת מחירים,3,2391.0,2391.0,3
1248076,מכונות קפה,‏מכונת אספרסו Ninja Luxe Essential ES601EU,‏מכונת אספרסו Ninja Luxe Essential ES601EU ||| השוואה ב-31 חנויות ||| השוואת מחירים ||| מכונת קפה Ninja Luxe Essential ES601EU ||| קנו עכשיו,5,1509.0,"1509.0, 1799.0",5
1250804,מסכי מחשב,מסך מחשב גיימינג Dell Alienware AW2725Q 26.7 4K UHD,מסך מחשב גיימינג Dell Alienware AW2725Q 26.7 4K UHD ||| קנו עכשיו,2,2958.0,2958.0,2
1251971,מסכי מחשב,מסך מחשב Dell 27 Plus 4K S2725QC 4K,מסך מחשב Dell 27 Plus 4K S2725QC 4K ||| השוואה ב-7 חנויות ||| השוואת מחירים,3,1344.0,1344.0,3
1251976,מסכי מחשב,מסך מחשב גיימינג קעור Dell Alienware AW3425DWM 34 WQHD,מסך מחשב גיימינג קעור Dell Alienware AW3425DWM 34 WQHD ||| קנו עכשיו,2,1458.0,1458.0,2
1252574,מייבשי כביסה,"מייבש כביסה Bosch WTH85225  ‏8 ‏ק""ג","מייבש כביסה Bosch WTH85225  ‏8 ‏ק""ג ||| השוואה ב-18 חנויות ||| השוואת מחירים",3,2800.0,2800.0,3
1252577,מייבשי כביסה,"מייבש כביסה Bosch WQG2328  ‏9 ‏ק""ג","מייבש כביסה Bosch WQG2328  ‏9 ‏ק""ג ||| השוואה ב-20 חנויות ||| השוואת מחירים ||| מייבש כביסה Bosch WQG2328IL יבואן רשמי ||| קנו עכשיו",5,3250.0,"3250.0, 3789.0",5
1254144,מסכי מחשב,מסך מחשב Lenovo ThinkVision S24-4e 64B5KAT1IS Full HD,מסך מחשב Lenovo ThinkVision S24-4e 64B5KAT1IS Full HD ||| השוואה ב-21 חנויות ||| השוואת מחירים,3,368.0,368.0,3
1254285,מכונות קפה,‏מכונת אספרסו Ninja Luxe Pro ES701EU,‏מכונת אספרסו Ninja Luxe Pro ES701EU ||| השוואה ב-5 חנויות ||| השוואת מחירים,3,1959.0,1959.0,3
1254671,מסכי מחשב,מסך מחשב גיימינג Dell Alienware AW2725D 26.7 QHD,מסך מחשב גיימינג Dell Alienware AW2725D 26.7 QHD ||| קנו עכשיו,2,2163.0,2163.0,2
1255899,מסכי מחשב,מסך מחשב Samsung C27F391FHR Full HD,מסך מחשב Samsung C27F391FHR Full HD ||| השוואה ב-17 חנויות ||| השוואת מחירים,3,628.0,628.0,3
1261035,מזגנים,"‏מזגן עילי Electra Classic Inverter 140  ‏1.0 ‏כ""ס","‏מזגן עילי Electra Classic Inverter 140  ‏1.0 ‏כ""ס ||| השוואה ב-21 חנויות ||| השוואת מחירים",3,1070.0,1070.0,3
1261038,מזגנים,"‏מזגן עילי Electra Classic Inverter 340  ‏2.5 ‏כ""ס","‏מזגן עילי Electra Classic Inverter 340  ‏2.5 ‏כ""ס ||| השוואה ב-21 חנויות ||| השוואת מחירים",3,2268.0,2268.0,3
1262788,מכונות קפה,‏מכונת אספרסו Ninja Luxe Cafe ES603,‏מכונת אספרסו Ninja Luxe Cafe ES603 ||| השוואה ב-20 חנויות ||| השוואת מחירים,3,1842.0,1842.0,3
