raw_title,price,model_id,category,source_type,transform,original_title
מכונת קפה Essenza Mini EN85L נספרסו Nespresso צבע ליים,359.0,2309,coffee_machines,seed,original,מכונת קפה Essenza Mini EN85L נספרסו Nespresso צבע ליים
מכונת קפה Ninja Luxe Essential ES601EU,1390.0,2541,coffee_machines,seed,original,מכונת קפה Ninja Luxe Essential ES601EU
מכונת קפה Ninja Luxe Essential ES501EU,1390.0,2541,coffee_machines,zap_variant,real_variant,מכונת קפה Ninja Luxe Essential ES601EU
טלפון סלולרי (Samsung Galaxy S25 PLUS 12GB+256GB (SM-S936B/DS,3039.0,2547,smartphones,seed,original,טלפון סלולרי (Samsung Galaxy S25 PLUS 12GB+256GB (SM-S936B/DS
"טלוויזיה חכמה 65"" Samsung QLED סמסונג QE65Q60D",3499.0,3838,tvs,seed,original,"טלוויזיה חכמה 65"" Samsung QLED סמסונג QE65Q60D"
טלפון סלולרי Apple iPhone 15 128GB אפל,2749.0,3926,smartphones,seed,original,טלפון סלולרי Apple iPhone 15 128GB אפל
טלפון סלולרי Apple iPhone 15 256GB אפל,2749.0,3926,smartphones,zap_variant,real_variant,טלפון סלולרי Apple iPhone 15 128GB אפל
סמארטפון Apple iPhone 16 128GB אפל,2749.0,3926,smartphones,zap_variant,real_variant,טלפון סלולרי Apple iPhone 15 128GB אפל
טלפון סלולרי Galaxy S26 Ultra SM-S948B/DS 1TB 16GB RAM Samsung סמסונג,5999.0,6034,smartphones,seed,original,טלפון סלולרי Galaxy S26 Ultra SM-S948B/DS 1TB 16GB RAM Samsung סמסונג
אוזניות  ‏חוטיות Logitech H390,94.0,798961,headphones,seed,original,אוזניות  ‏חוטיות Logitech H390
אוזניות  ‏חוטיות Audio Technica ATH-M50x,629.0,883392,headphones,seed,original,אוזניות  ‏חוטיות Audio Technica ATH-M50x
טלוויזיה Samsung QE75Q7F QLED 4K  ‏75 ‏אינטש,3035.0,940986,tvs,seed,original,טלוויזיה Samsung QE75Q7F QLED 4K  ‏75 ‏אינטש
טלוויזיה Samsung QE75Q7F QLED 4K 75 אינטש,3035.0,940986,tvs,zap_variant,real_variant,טלוויזיה Samsung QE75Q7F QLED 4K  ‏75 ‏אינטש
טלוויזיה Samsung QE65Q7F QLED 4K  ‏65 ‏אינטש,2170.0,940990,tvs,seed,original,טלוויזיה Samsung QE65Q7F QLED 4K  ‏65 ‏אינטש
טלוויזיה Samsung QE55Q7F 4K  ‏55 ‏אינטש,1884.0,940993,tvs,seed,original,טלוויזיה Samsung QE55Q7F 4K  ‏55 ‏אינטש
‏מכונת אספרסו Nespresso Delonghi Essenza Mini D30 EN85,354.0,951399,coffee_machines,seed,original,‏מכונת אספרסו Nespresso Delonghi Essenza Mini D30 EN85
‏מכונת אספרסו Nespresso Essenza Mini C30,510.0,951669,coffee_machines,seed,original,‏מכונת אספרסו Nespresso Essenza Mini C30
Nespresso מכונת קפה NESPRESSO CREATISTA PLUS נספרסו דגם J520-IL-ME-NE פלוס,1789.0,961499,coffee_machines,seed,original,Nespresso מכונת קפה NESPRESSO CREATISTA PLUS נספרסו דגם J520-IL-ME-NE פלוס
‏מכונת אספרסו Nespresso Lattissima One EN510,810.0,976624,coffee_machines,seed,original,‏מכונת אספרסו Nespresso Lattissima One EN510
‏מכונת אספרסו Delonghi ECAM21.117,1374.0,992748,coffee_machines,seed,original,‏מכונת אספרסו Delonghi ECAM21.117
‏מכונת אספרסו Gaggia Besana,1080.0,1030241,coffee_machines,seed,original,‏מכונת אספרסו Gaggia Besana
‏מכונת אספרסו Breville BES878,2953.0,1068710,coffee_machines,seed,original,‏מכונת אספרסו Breville BES878
מכונת אספרסו Breville BES878 יבואן רשמי,2953.0,1068710,coffee_machines,zap_variant,real_variant,‏מכונת אספרסו Breville BES878
‏מכונת אספרסו Nespresso Inissia EN 80,343.0,1087191,coffee_machines,seed,original,‏מכונת אספרסו Nespresso Inissia EN 80
‏מכונת אספרסו Nespresso Inissia EN 80 נספרסו,343.0,1087191,coffee_machines,zap_variant,real_variant,‏מכונת אספרסו Nespresso Inissia EN 80
אוזניות  ‏חוטיות Razer BlackShark V2 X,157.0,1090131,headphones,seed,original,אוזניות  ‏חוטיות Razer BlackShark V2 X
מחשב נייד Apple MacBook Air 13 MGN63HB/A MGN93HB/A MGND3HB/A,2659.0,1099482,laptops,seed,original,מחשב נייד Apple MacBook Air 13 MGN63HB/A MGN93HB/A MGND3HB/A
‏מכונת אספרסו Delonghi ECAM350.15.B,1785.0,1105069,coffee_machines,seed,original,‏מכונת אספרסו Delonghi ECAM350.15.B
אוזניות  ‏אלחוטיות JBL Tune 510BT,115.0,1113020,headphones,seed,original,אוזניות  ‏אלחוטיות JBL Tune 510BT
‏מכונת אספרסו Breville Barista Express with Milk Jug Thermal BES875,2482.0,1114609,coffee_machines,seed,original,‏מכונת אספרסו Breville Barista Express with Milk Jug Thermal BES875
‏מקציף חלב Hemilton HEM-243,151.0,1121265,coffee_machines,seed,original,‏מקציף חלב Hemilton HEM-243
‏מכונת אספרסו Breville BES875BSS,2393.0,1126869,coffee_machines,seed,original,‏מכונת אספרסו Breville BES875BSS
‏מכונת אספרסו Breville BES875BSS ברוויל,2393.0,1126869,coffee_machines,zap_variant,real_variant,‏מכונת אספרסו Breville BES875BSS
‏מכונת אספרסו Nespresso Citiz&Milk EN267,776.0,1127066,coffee_machines,seed,original,‏מכונת אספרסו Nespresso Citiz&Milk EN267
מכונת קפה Nespresso נספרסו +מקציף Citiz&Milk EN267 שחור,776.0,1127066,coffee_machines,zap_variant,real_variant,‏מכונת אספרסו Nespresso Citiz&Milk EN267
‏מכונת אספרסו Delonghi Specialista Prestigio EC 9355.M,3218.0,1154861,coffee_machines,seed,original,‏מכונת אספרסו Delonghi Specialista Prestigio EC 9355.M
‏מכונת אספרסו Delonghi La Specialista Arte EC9155,2004.0,1155620,coffee_machines,seed,original,‏מכונת אספרסו Delonghi La Specialista Arte EC9155
‏מכונת אספרסו Delonghi La Specialista Arte EC9155,2004.0,1155620,coffee_machines,zap_variant,real_variant,‏מכונת אספרסו Delonghi La Specialista Arte EC9155
Delonghi מכונת קפה DeLonghi EC9155.W,2004.0,1155620,coffee_machines,zap_variant,real_variant,‏מכונת אספרסו Delonghi La Specialista Arte EC9155
אוזניות Samsung Galaxy Buds2 Pro SM-R510 True Wireless,364.0,1167384,headphones,seed,original,אוזניות Samsung Galaxy Buds2 Pro SM-R510 True Wireless
אוזניות JBL Tune 720BT Bluetooth,198.0,1187828,headphones,seed,original,אוזניות JBL Tune 720BT Bluetooth
מחשב נייד Asus VivoBook 15 X1504VA-BQ149,2554.0,1191538,laptops,seed,original,מחשב נייד Asus VivoBook 15 X1504VA-BQ149
מחשב נייד Lenovo V15 G4 AMN 82YU0044IV,1029.0,1194008,laptops,seed,original,מחשב נייד Lenovo V15 G4 AMN 82YU0044IV
מחשב נייד Lenovo V15 G4 AMN | מעבד AMD Athlon 7120U | זיכרון 8GB | אחסון 256GB | מסך 15.6'' FHD | ללא מערכת הפעלה | דגם 82YU0044IV | שנה אחריות,1029.0,1194008,laptops,zap_variant,real_variant,מחשב נייד Lenovo V15 G4 AMN 82YU0044IV
‏מכונת אספרסו Delonghi Dedica Arte EC885,897.0,1200012,coffee_machines,seed,original,‏מכונת אספרסו Delonghi Dedica Arte EC885
‏מכונת אספרסו Delonghi Dedica Arte EC885 דה לונגי,897.0,1200012,coffee_machines,zap_variant,real_variant,‏מכונת אספרסו Delonghi Dedica Arte EC885
אוזניות JBL Wave Beam True Wireless,175.0,1200216,headphones,seed,original,אוזניות JBL Wave Beam True Wireless
אוזניות JBL Tune 770NC Bluetooth,229.0,1201031,headphones,seed,original,אוזניות JBL Tune 770NC Bluetooth
אוזניות JBL Tune 770NC Bluetooth,229.0,1201031,headphones,zap_variant,real_variant,אוזניות JBL Tune 770NC Bluetooth
מחשב נייד Lenovo IdeaPad Slim 3 15IAH8 83ER003UIV,1890.0,1203016,laptops,seed,original,מחשב נייד Lenovo IdeaPad Slim 3 15IAH8 83ER003UIV
אוזניות Sony WF-1000XM5 True Wireless,787.0,1203553,headphones,seed,original,אוזניות Sony WF-1000XM5 True Wireless
טלפון סלולרי Apple iPhone 15 128GB,2016.0,1207018,smartphones,seed,original,טלפון סלולרי Apple iPhone 15 128GB
טלפון סלולרי Apple iPhone 15 256GB,2498.0,1207020,smartphones,seed,original,טלפון סלולרי Apple iPhone 15 256GB
‏מקציף חלב Hemilton HEM-265/HEM-264,195.0,1207103,coffee_machines,seed,original,‏מקציף חלב Hemilton HEM-265/HEM-264
אוזניות Apple AirPods Pro 2 MagSafe USB-C True Wireless,639.0,1208575,headphones,seed,original,אוזניות Apple AirPods Pro 2 MagSafe USB-C True Wireless
אוזניות Apple AirPods Pro 2 MagSafe USB-C True Wireless,639.0,1208575,headphones,zap_variant,real_variant,אוזניות Apple AirPods Pro 2 MagSafe USB-C True Wireless
אוזניות  ‏אלחוטיות Bose QuietComfort Ultra,987.0,1210045,headphones,seed,original,אוזניות  ‏אלחוטיות Bose QuietComfort Ultra
אוזניות  ‏אלחוטיות Bose QuietComfort Ultra,987.0,1210045,headphones,zap_variant,real_variant,אוזניות  ‏אלחוטיות Bose QuietComfort Ultra
אוזניות Samsung Galaxy Buds FE SM-R400 True Wireless,215.0,1211517,headphones,seed,original,אוזניות Samsung Galaxy Buds FE SM-R400 True Wireless
אוזניות Samsung Galaxy Buds FE SM-R400 True Wireless יבואן רשמי,215.0,1211517,headphones,zap_variant,real_variant,אוזניות Samsung Galaxy Buds FE SM-R400 True Wireless
טלפון סלולרי Samsung Galaxy S24 SM-S921B/DS 256GB 8GB RAM,1849.0,1215643,smartphones,seed,original,טלפון סלולרי Samsung Galaxy S24 SM-S921B/DS 256GB 8GB RAM
טלוויזיה Xiaomi A Pro L32M8-A2ME  ‏32 ‏אינטש,549.0,1216736,tvs,seed,original,טלוויזיה Xiaomi A Pro L32M8-A2ME  ‏32 ‏אינטש
טלוויזיה Xiaomi A Pro L32M8-A2ME  ‏32 ‏אינטש,549.0,1216736,tvs,zap_variant,real_variant,טלוויזיה Xiaomi A Pro L32M8-A2ME  ‏32 ‏אינטש
‏מכונת אספרסו Smeg ECF02,1649.0,1218026,coffee_machines,seed,original,‏מכונת אספרסו Smeg ECF02
טלוויזיה MAG CR32E HD Ready  ‏32 ‏אינטש,345.0,1219131,tvs,seed,original,טלוויזיה MAG CR32E HD Ready  ‏32 ‏אינטש
‏מכונת אספרסו Gaggia EG2109,789.0,1224100,coffee_machines,seed,original,‏מכונת אספרסו Gaggia EG2109
מחשב נייד Lenovo IdeaPad Slim 3 15IRH8 83EM00AXIV,2799.0,1225445,laptops,seed,original,מחשב נייד Lenovo IdeaPad Slim 3 15IRH8 83EM00AXIV
‏מכונת אספרסו Delonghi Magnifica Start ECAM220.60.B,1948.0,1225992,coffee_machines,seed,original,‏מכונת אספרסו Delonghi Magnifica Start ECAM220.60.B
‏מכונת אספרסו Delonghi Rivelia EXAM440.55,3498.0,1226172,coffee_machines,seed,original,‏מכונת אספרסו Delonghi Rivelia EXAM440.55
"טלוויזיה 55"" Samsung NEO QLED דגם QE55QN85D",4250.0,1226223,tvs,seed,original,"טלוויזיה 55"" Samsung NEO QLED דגם QE55QN85D"
טלוויזיה Samsung QE65Q80D 4K  ‏65 ‏אינטש,2685.0,1226333,tvs,seed,original,טלוויזיה Samsung QE65Q80D 4K  ‏65 ‏אינטש
אוזניות Sennheiser Momentum True Wireless 4 True Wireless,699.0,1227130,headphones,seed,original,אוזניות Sennheiser Momentum True Wireless 4 True Wireless
אוזניות Sennheiser Momentum True Wireless 4 True Wireless,699.0,1227130,headphones,zap_variant,real_variant,אוזניות Sennheiser Momentum True Wireless 4 True Wireless
טלוויזיה Samsung UE98DU9000 4K  ‏98 ‏אינטש,5385.0,1227963,tvs,seed,original,טלוויזיה Samsung UE98DU9000 4K  ‏98 ‏אינטש
אוזניות Samsung Galaxy Buds3 Pro SM-R630 True Wireless,495.0,1228604,headphones,seed,original,אוזניות Samsung Galaxy Buds3 Pro SM-R630 True Wireless
מכונת אספרסו Delonghi ECAM21.117.B,1379.0,1232360,coffee_machines,seed,original,מכונת אספרסו Delonghi ECAM21.117.B
טלפון סלולרי Apple iPhone 16 Pro Max 256GB,3899.0,1233992,smartphones,seed,original,טלפון סלולרי Apple iPhone 16 Pro Max 256GB
טלפון סלולרי Apple iPhone 16 128GB,2371.0,1234002,smartphones,seed,original,טלפון סלולרי Apple iPhone 16 128GB
אוזניות  ‏אלחוטיות Apple AirPods 4 MXP63ZM/A MXP63LL/A MXP63HN/A,410.0,1234891,headphones,seed,original,אוזניות  ‏אלחוטיות Apple AirPods 4 MXP63ZM/A MXP63LL/A MXP63HN/A
אוזניות ‏אלחוטיות Apple AirPods 4 MXP63ZM/A אפל,410.0,1234891,headphones,zap_variant,real_variant,אוזניות  ‏אלחוטיות Apple AirPods 4 MXP63ZM/A MXP63LL/A MXP63HN/A
אוזניות Apple AirPods 4 with Active Noise Cancellation MXP93ZM/A True Wireless,551.0,1234892,headphones,seed,original,אוזניות Apple AirPods 4 with Active Noise Cancellation MXP93ZM/A True Wireless
אוזניות Apple AirPods 4 MXP93ZM/A True Wireless יבואן רשמי,551.0,1234892,headphones,zap_variant,real_variant,אוזניות Apple AirPods 4 with Active Noise Cancellation MXP93ZM/A True Wireless
אוזניות  ‏אלחוטיות Apple AirPods Max USB-C,1774.0,1234904,headphones,seed,original,אוזניות  ‏אלחוטיות Apple AirPods Max USB-C
אוזניות Xiaomi Redmi Buds 6 Play True Wireless,64.0,1236640,headphones,seed,original,אוזניות Xiaomi Redmi Buds 6 Play True Wireless
אוזניות Xiaomi Redmi Buds 6 Play True Wireless בצבע לבן,64.0,1236640,headphones,zap_variant,real_variant,אוזניות Xiaomi Redmi Buds 6 Play True Wireless
מחשב נייד Lenovo V14 G4 IRU 83A0007VIV,1215.0,1237484,laptops,seed,original,מחשב נייד Lenovo V14 G4 IRU 83A0007VIV
מחשב נייד Apple MacBook Air 13 M2 MC7U4HB/A MC7V4HB/A MC7W4HB/A MC7X4HB/A,3249.0,1237766,laptops,seed,original,מחשב נייד Apple MacBook Air 13 M2 MC7U4HB/A MC7V4HB/A MC7W4HB/A MC7X4HB/A
אוזניות Anker Soundcore Space One Pro Bluetooth,519.0,1240770,headphones,seed,original,אוזניות Anker Soundcore Space One Pro Bluetooth
טלפון סלולרי Xiaomi Poco X7 Pro 512GB 12GB RAM,1172.0,1240775,smartphones,seed,original,טלפון סלולרי Xiaomi Poco X7 Pro 512GB 12GB RAM
טלפון סלולרי Xiaomi Poco X7 Pro 512GB 12GB RAM,1172.0,1240775,smartphones,zap_variant,real_variant,טלפון סלולרי Xiaomi Poco X7 Pro 512GB 12GB RAM
טלפון סלולרי Samsung Galaxy S25 Plus SM-S936B/DS 256GB 12GB RAM,2625.0,1241793,smartphones,seed,original,טלפון סלולרי Samsung Galaxy S25 Plus SM-S936B/DS 256GB 12GB RAM
‏מכונת אספרסו Ninja Luxe Essential ES501EU,1369.0,1241809,coffee_machines,seed,original,‏מכונת אספרסו Ninja Luxe Essential ES501EU
טלפון סלולרי Samsung Galaxy S25 SM-S931B/DS 256GB 12GB RAM,2337.0,1242015,smartphones,seed,original,טלפון סלולרי Samsung Galaxy S25 SM-S931B/DS 256GB 12GB RAM
טלפון סלולרי Samsung Galaxy S25 SM-S931B/DS 256GB 12GB RAM,2337.0,1242015,smartphones,zap_variant,real_variant,טלפון סלולרי Samsung Galaxy S25 SM-S931B/DS 256GB 12GB RAM
טלפון סלולרי Samsung Galaxy S25 Ultra SM-S938B/DS 512GB 12GB RAM,3532.0,1242276,smartphones,seed,original,טלפון סלולרי Samsung Galaxy S25 Ultra SM-S938B/DS 512GB 12GB RAM
טלפון סלולרי Samsung Galaxy S25 Ultra SM-S938B/DS 256GB 12GB RAM,3190.0,1242277,smartphones,seed,original,טלפון סלולרי Samsung Galaxy S25 Ultra SM-S938B/DS 256GB 12GB RAM
טלפון סלולרי Samsung Galaxy S25 Ultra SM-S938B/DS 256GB 12GB RAM בצבע אפור טיטניום,3190.0,1242277,smartphones,zap_variant,real_variant,טלפון סלולרי Samsung Galaxy S25 Ultra SM-S938B/DS 256GB 12GB RAM
מחשב נייד Acer Nitro V15 NH.QSGEC.002,3983.0,1242460,laptops,seed,original,מחשב נייד Acer Nitro V15 NH.QSGEC.002
מחשב נייד Acer Nitro V15 NH.QSGEC.002,3983.0,1242460,laptops,zap_variant,real_variant,מחשב נייד Acer Nitro V15 NH.QSGEC.002
מחשב נייד Asus ExpertBook P1 P1503CVA-S70709,1729.0,1243789,laptops,seed,original,מחשב נייד Asus ExpertBook P1 P1503CVA-S70709
Asus מחשב נייד ASUS ExpertBook P1 P1403CVA-S60650 בצבע אפור מעושן,2354.0,1243790,laptops,seed,original,Asus מחשב נייד ASUS ExpertBook P1 P1403CVA-S60650 בצבע אפור מעושן
מחשב נייד Apple MacBook Air 13 M4 MW123HB/A MW0Y3HB/A MW0W3HB/A MC6T4HB/A,3449.0,1244076,laptops,seed,original,מחשב נייד Apple MacBook Air 13 M4 MW123HB/A MW0Y3HB/A MW0W3HB/A MC6T4HB/A
מחשב נייד Apple MacBook Air 13 M4 MW133HB/A MW103HB/A MW0X3HB/A MC6U4HB/A,3498.0,1244077,laptops,seed,original,מחשב נייד Apple MacBook Air 13 M4 MW133HB/A MW103HB/A MW0X3HB/A MC6U4HB/A
מחשב נייד Apple MacBook Air 15 M4 MW1G3HB/A MC7A4HB/A MW1J3HB/A MW1L3HB/A,4390.0,1244078,laptops,seed,original,מחשב נייד Apple MacBook Air 15 M4 MW1G3HB/A MC7A4HB/A MW1J3HB/A MW1L3HB/A
טלפון סלולרי Samsung Galaxy A56 SM-A566B/DS 256GB 8GB RAM,1167.0,1244496,smartphones,seed,original,טלפון סלולרי Samsung Galaxy A56 SM-A566B/DS 256GB 8GB RAM
טלפון סלולרי Samsung Galaxy A56 SM-A566B/DS 256GB 8GB RAM סמסונג,1167.0,1244496,smartphones,zap_variant,real_variant,טלפון סלולרי Samsung Galaxy A56 SM-A566B/DS 256GB 8GB RAM
מחשב נייד Lenovo Yoga 7 2-in-1 14ILL10 83JQ004SIV,4941.0,1245785,laptops,seed,original,מחשב נייד Lenovo Yoga 7 2-in-1 14ILL10 83JQ004SIV
טלוויזיה TCL C6K 65C6K 4K  ‏65 ‏אינטש,2527.0,1247491,tvs,seed,original,טלוויזיה TCL C6K 65C6K 4K  ‏65 ‏אינטש
טלוויזיה TCL C6K 65C6K 4K יבואן רשמי,2527.0,1247491,tvs,zap_variant,real_variant,טלוויזיה TCL C6K 65C6K 4K  ‏65 ‏אינטש
מחשב נייד HP ProBook 4 G1i AD2M0ET,2919.0,1247863,laptops,seed,original,מחשב נייד HP ProBook 4 G1i AD2M0ET
מחשב נייד HP ProBook 4 G1i 14 אינץ' AD2M0ET,2919.0,1247863,laptops,zap_variant,real_variant,מחשב נייד HP ProBook 4 G1i AD2M0ET
מחשב נייד HP ProBook 4 G1i AD2L3ET,3345.0,1247869,laptops,seed,original,מחשב נייד HP ProBook 4 G1i AD2L3ET
מחשב נייד HP ProBook 4 G1i AD2M3ET,3448.0,1247872,laptops,seed,original,מחשב נייד HP ProBook 4 G1i AD2M3ET
מחשב נייד HP ProBook 4 G1i AD2M1ET,3356.0,1247873,laptops,seed,original,מחשב נייד HP ProBook 4 G1i AD2M1ET
‏מכונת אספרסו Ninja Luxe Essential ES601EU,1509.0,1248076,coffee_machines,seed,original,‏מכונת אספרסו Ninja Luxe Essential ES601EU
מכונת קפה Ninja Luxe Essential ES601EU,1509.0,1248076,coffee_machines,zap_variant,real_variant,‏מכונת אספרסו Ninja Luxe Essential ES601EU
מחשב נייד Lenovo IdeaPad Slim 3 15IRH10 83K100KPIV,2308.0,1248137,laptops,seed,original,מחשב נייד Lenovo IdeaPad Slim 3 15IRH10 83K100KPIV
מחשב נייד Lenovo IdeaPad Slim 3 15IRH10 83K100KPIV,2308.0,1248137,laptops,zap_variant,real_variant,מחשב נייד Lenovo IdeaPad Slim 3 15IRH10 83K100KPIV
טלוויזיה TCL 65C7K 4K  ‏65 ‏אינטש,3369.0,1248992,tvs,seed,original,טלוויזיה TCL 65C7K 4K  ‏65 ‏אינטש
אוזניות  ‏אלחוטיות Sony WH-1000XM6,1277.0,1249659,headphones,seed,original,אוזניות  ‏אלחוטיות Sony WH-1000XM6
אוזניות אלחוטיות Sony WH-1000XM6 עם ביטול רעשים – צבע שחור,1277.0,1249659,headphones,zap_variant,real_variant,אוזניות  ‏אלחוטיות Sony WH-1000XM6
טלוויזיה LG OLED77B56LA 4K  ‏77 ‏אינטש,6812.0,1250748,tvs,seed,original,טלוויזיה LG OLED77B56LA 4K  ‏77 ‏אינטש
טלוויזיה LG OLED77B56LA 4K  ‏77 ‏אינטש,6812.0,1250748,tvs,zap_variant,real_variant,טלוויזיה LG OLED77B56LA 4K  ‏77 ‏אינטש
"טלוויזיה ""77 חכמה LG OLED B5 ברזולוציית 4K דגם OLED77B56LA",6812.0,1250748,tvs,zap_variant,real_variant,טלוויזיה LG OLED77B56LA 4K  ‏77 ‏אינטש
טלוויזיה LG OLED65G56LA 4K  ‏65 ‏אינטש,8490.0,1251127,tvs,seed,original,טלוויזיה LG OLED65G56LA 4K  ‏65 ‏אינטש
אוזניות Anker Soundcore Liberty 5 Bluetooth,330.0,1251814,headphones,seed,original,אוזניות Anker Soundcore Liberty 5 Bluetooth
אוזניות Anker Soundcore Liberty 5 Bluetooth יבואן רשמי,330.0,1251814,headphones,zap_variant,real_variant,אוזניות Anker Soundcore Liberty 5 Bluetooth
אוזניות  ‏אלחוטיות Samsung Galaxy Buds Core SM-R410,144.0,1252156,headphones,seed,original,אוזניות  ‏אלחוטיות Samsung Galaxy Buds Core SM-R410
טלוויזיה LG OLED55C56LA 4K  ‏55 ‏אינטש,5186.0,1252317,tvs,seed,original,טלוויזיה LG OLED55C56LA 4K  ‏55 ‏אינטש
טלוויזיה LG OLED55C56LA 4K  ‏55 ‏אינטש,5186.0,1252317,tvs,zap_variant,real_variant,טלוויזיה LG OLED55C56LA 4K  ‏55 ‏אינטש
טלוויזיה LG OLED65C56LA 4K  ‏65 ‏אינטש,6190.0,1252339,tvs,seed,original,טלוויזיה LG OLED65C56LA 4K  ‏65 ‏אינטש
טלוויזיה LG OLED77C56LA 4K  ‏77 ‏אינטש,9290.0,1252343,tvs,seed,original,טלוויזיה LG OLED77C56LA 4K  ‏77 ‏אינטש
טלוויזיה Samsung UE43U8000F 4K  ‏43 ‏אינטש,1162.0,1252737,tvs,seed,original,טלוויזיה Samsung UE43U8000F 4K  ‏43 ‏אינטש
טלוויזיה Samsung UE55U8000F 4K  ‏55 ‏אינטש,1475.0,1252739,tvs,seed,original,טלוויזיה Samsung UE55U8000F 4K  ‏55 ‏אינטש
טלוויזיה Samsung UE75U8000F 4K  ‏75 ‏אינטש,2594.0,1252741,tvs,seed,original,טלוויזיה Samsung UE75U8000F 4K  ‏75 ‏אינטש
טלוויזיה Samsung QE55Q8F 4K  ‏55 ‏אינטש,2238.0,1252750,tvs,seed,original,טלוויזיה Samsung QE55Q8F 4K  ‏55 ‏אינטש
טלוויזיה Samsung QE65Q8F 4K  ‏65 ‏אינטש,2569.0,1252935,tvs,seed,original,טלוויזיה Samsung QE65Q8F 4K  ‏65 ‏אינטש
מחשב נייד HP OMEN MAX 16-ah0013nj C2PY3EA,6860.0,1253156,laptops,seed,original,מחשב נייד HP OMEN MAX 16-ah0013nj C2PY3EA
מחשב נייד HP OMEN MAX Gaming 16-ah0013nj C2PY3EA,6860.0,1253156,laptops,zap_variant,real_variant,מחשב נייד HP OMEN MAX 16-ah0013nj C2PY3EA
טלפון סלולרי Apple iPhone 17 256GB,2948.0,1253558,smartphones,seed,original,טלפון סלולרי Apple iPhone 17 256GB
טלוויזיה LG 75QNED93A6A 4K  ‏75 ‏אינטש,5279.0,1253612,tvs,seed,original,טלוויזיה LG 75QNED93A6A 4K  ‏75 ‏אינטש
טלוויזיה LG 75QNED93A6A יבואן רשמי,5279.0,1253612,tvs,zap_variant,real_variant,טלוויזיה LG 75QNED93A6A 4K  ‏75 ‏אינטש
טלפון סלולרי Apple iPhone 17 Pro Max 256GB,4895.0,1253615,smartphones,seed,original,טלפון סלולרי Apple iPhone 17 Pro Max 256GB
טלפון סלולרי Apple iPhone 17 Pro 512GB,5155.0,1253617,smartphones,seed,original,טלפון סלולרי Apple iPhone 17 Pro 512GB
טלפון סלולרי Apple iPhone 17 Pro Max 512GB,5825.0,1253618,smartphones,seed,original,טלפון סלולרי Apple iPhone 17 Pro Max 512GB
טלפון סלולרי Apple iPhone 17 Pro 256GB,4494.0,1253628,smartphones,seed,original,טלפון סלולרי Apple iPhone 17 Pro 256GB
טלפון סלולרי Samsung Galaxy S25 FE SM-S731B/DS 256GB 8GB RAM,1825.0,1253631,smartphones,seed,original,טלפון סלולרי Samsung Galaxy S25 FE SM-S731B/DS 256GB 8GB RAM
‏מכונת אספרסו Ninja Luxe Pro ES701EU,1959.0,1254285,coffee_machines,seed,original,‏מכונת אספרסו Ninja Luxe Pro ES701EU
אוזניות  ‏אלחוטיות Apple AirPods Pro 3 MagSafe USB-C MFHP4ZM/A,837.0,1254417,headphones,seed,original,אוזניות  ‏אלחוטיות Apple AirPods Pro 3 MagSafe USB-C MFHP4ZM/A
אוזניות Apple AirPods Pro 3 בצבע לבן,837.0,1254417,headphones,zap_variant,real_variant,אוזניות  ‏אלחוטיות Apple AirPods Pro 3 MagSafe USB-C MFHP4ZM/A
טלוויזיה Samsung QE43Q7F 4K  ‏43 ‏אינטש,1430.0,1254524,tvs,seed,original,טלוויזיה Samsung QE43Q7F 4K  ‏43 ‏אינטש
מחשב נייד HP Victus 15-fa2011nj בצבע כסף מיקה C93FLEA,2749.0,1254725,laptops,seed,original,מחשב נייד HP Victus 15-fa2011nj בצבע כסף מיקה C93FLEA
טלוויזיה LG 43UA73006LA 4K  ‏43 ‏אינטש,1278.0,1254945,tvs,seed,original,טלוויזיה LG 43UA73006LA 4K  ‏43 ‏אינטש
"טלוויזיה ""43 חכמה LG UHD ברזולוציית 4K דגם 43UA73006LA",1278.0,1254945,tvs,zap_variant,real_variant,טלוויזיה LG 43UA73006LA 4K  ‏43 ‏אינטש
טלוויזיה LG 55UA73006LA 4K  ‏55 ‏אינטש,1690.0,1254949,tvs,seed,original,טלוויזיה LG 55UA73006LA 4K  ‏55 ‏אינטש
טלוויזיה LG OLED65CS5VA 4K  ‏65 ‏אינטש,5149.0,1254951,tvs,seed,original,טלוויזיה LG OLED65CS5VA 4K  ‏65 ‏אינטש
טלוויזיה LG OLED65CS5VA 4K  ‏65 ‏אינטש,5149.0,1254951,tvs,zap_variant,real_variant,טלוויזיה LG OLED65CS5VA 4K  ‏65 ‏אינטש
מחשב נייד Lenovo V14 83GU006HIV,1699.0,1255712,laptops,seed,original,מחשב נייד Lenovo V14 83GU006HIV
מחשב נייד Lenovo V14 G5 83GU006HIV בצבע שחור,1699.0,1255712,laptops,zap_variant,real_variant,מחשב נייד Lenovo V14 83GU006HIV
טלפון סלולרי OnePlus 15 512GB 16GB RAM,3174.0,1256028,smartphones,seed,original,טלפון סלולרי OnePlus 15 512GB 16GB RAM
מחשב נייד לגיימרים Asus TUF Gaming F16 FX607VJB-RL144W בצבע שחור,5280.0,1256491,laptops,seed,original,מחשב נייד לגיימרים Asus TUF Gaming F16 FX607VJB-RL144W בצבע שחור
מחשב נייד Dell Pro 15 Essential PV15250 PV15250-5005,2049.0,1257971,laptops,seed,original,מחשב נייד Dell Pro 15 Essential PV15250 PV15250-5005
מחשב נייד Asus TUF Gaming F16 FX607VJ-RL016,2792.0,1259201,laptops,seed,original,מחשב נייד Asus TUF Gaming F16 FX607VJ-RL016
מחשב נייד Dell Pro 15 Essential PV15250-5118,2350.0,1260183,laptops,seed,original,מחשב נייד Dell Pro 15 Essential PV15250-5118
מחשב נייד Dell Pro 15 Essential PV15250-5118,2350.0,1260183,laptops,zap_variant,real_variant,מחשב נייד Dell Pro 15 Essential PV15250-5118
טלפון סלולרי Xiaomi Redmi Note 15 Pro Plus 512GB 12GB RAM,1585.0,1260243,smartphones,seed,original,טלפון סלולרי Xiaomi Redmi Note 15 Pro Plus 512GB 12GB RAM
טלפון סלולרי Samsung Galaxy S26 Ultra SM-S948B/DS 512GB 12GB RAM,4397.0,1262747,smartphones,seed,original,טלפון סלולרי Samsung Galaxy S26 Ultra SM-S948B/DS 512GB 12GB RAM
טלפון סלולרי Samsung Galaxy S26 Ultra 12GB+512GB SM-S948B/DS צבע שחור יבואן רשמי,4397.0,1262747,smartphones,zap_variant,real_variant,טלפון סלולרי Samsung Galaxy S26 Ultra SM-S948B/DS 512GB 12GB RAM
טלפון סלולרי Samsung Galaxy S26 Ultra SM-S948B/DS 1TB 16GB RAM,5419.0,1262748,smartphones,seed,original,טלפון סלולרי Samsung Galaxy S26 Ultra SM-S948B/DS 1TB 16GB RAM
טלפון סלולרי Samsung Galaxy S26 Ultra SM-S948B/DS 256GB 12GB RAM,3888.0,1262749,smartphones,seed,original,טלפון סלולרי Samsung Galaxy S26 Ultra SM-S948B/DS 256GB 12GB RAM
טלפון סלולרי Samsung Galaxy S26 Ultra 12GB+256GB (SM-S948B/DS) בצבע כחול,3888.0,1262749,smartphones,zap_variant,real_variant,טלפון סלולרי Samsung Galaxy S26 Ultra SM-S948B/DS 256GB 12GB RAM
טלפון סלולרי Samsung Galaxy S26 SM-S942B/DS 256GB 12GB RAM,2685.0,1262750,smartphones,seed,original,טלפון סלולרי Samsung Galaxy S26 SM-S942B/DS 256GB 12GB RAM
טלפון סלולרי Galaxy S26 SM-S942B/DS 256GB 12GB RAM Samsung בצבע שחור יבואן רשמי,2685.0,1262750,smartphones,zap_variant,real_variant,טלפון סלולרי Samsung Galaxy S26 SM-S942B/DS 256GB 12GB RAM
טלפון סלולרי Samsung Galaxy S26 Plus SM-S947B/DS 256GB 12GB RAM,3328.0,1262751,smartphones,seed,original,טלפון סלולרי Samsung Galaxy S26 Plus SM-S947B/DS 256GB 12GB RAM
‏מכונת אספרסו Ninja Luxe Cafe ES603,1842.0,1262788,coffee_machines,seed,original,‏מכונת אספרסו Ninja Luxe Cafe ES603
אוזניות Samsung Galaxy Buds4 Pro SM-R640 True Wireless,582.0,1263110,headphones,seed,original,אוזניות Samsung Galaxy Buds4 Pro SM-R640 True Wireless
מחשב נייד Apple MacBook Air 13″ M5 ‎16GB 512GB Midnight (MDHE4HB/A),4285.0,1263226,laptops,seed,original,מחשב נייד Apple MacBook Air 13″ M5 ‎16GB 512GB Midnight (MDHE4HB/A)
מחשב נייד Apple MacBook Neo 13 A18 Pro MHFC4HB/A MHFE4HB/A MHFG4HB/A MHFJ4HB/A,2749.0,1263241,laptops,seed,original,מחשב נייד Apple MacBook Neo 13 A18 Pro MHFC4HB/A MHFE4HB/A MHFG4HB/A MHFJ4HB/A
מחשב נייד Apple MacBook Neo 13 A18 Pro MHFA4HB/A MHFD4HB/A MHFF4HB/A MHFH4HB/A,2369.0,1263242,laptops,seed,original,מחשב נייד Apple MacBook Neo 13 A18 Pro MHFA4HB/A MHFD4HB/A MHFF4HB/A MHFH4HB/A
Essenza Mini EN85L נספרסו Nespresso צבע ליים,320.0,2309,coffee_machines,synthetic_duplicate,drop_prefix,מכונת קפה Essenza Mini EN85L נספרסו Nespresso צבע ליים
מכונת קפה אוטומטית Essenza Mini EN85L נספרסו Nespresso צבע ליים,433.0,2309,coffee_machines,synthetic_duplicate,add_prefix,מכונת קפה Essenza Mini EN85L נספרסו Nespresso צבע ליים
מכונת קפה Essenza Mini EN85L נספרסו Nespresso צבע ליים בצבע לבן,390.0,2309,coffee_machines,synthetic_duplicate,color_noise,מכונת קפה Essenza Mini EN85L נספרסו Nespresso צבע ליים
Ninja Luxe Essential ES601EU,1292.0,2541,coffee_machines,synthetic_duplicate,drop_prefix,מכונת קפה Ninja Luxe Essential ES601EU
מכונת קפה Ninja Luxe Essential ES601EU אחריות מעבדות,1571.0,2541,coffee_machines,synthetic_duplicate,seller_noise,מכונת קפה Ninja Luxe Essential ES601EU
מכונת אספרסו Ninja Luxe Essential ES601EU,1304.0,2541,coffee_machines,synthetic_duplicate,add_prefix,מכונת קפה Ninja Luxe Essential ES601EU
טלפון סלולרי (Samsung Galaxy S25 PLUS 12GB+256GB (SM-S936B/DS אחריות יבואן רשמי,3747.0,2547,smartphones,synthetic_duplicate,seller_noise,טלפון סלולרי (Samsung Galaxy S25 PLUS 12GB+256GB (SM-S936B/DS
טלפון סלולרי (Samsung Galaxy S25 PLUS 12GB+256GB (/DS,2992.0,2547,smartphones,synthetic_duplicate,drop_part,טלפון סלולרי (Samsung Galaxy S25 PLUS 12GB+256GB (SM-S936B/DS
"טלוויזיה חכמה 65"" Samsung QLED סמסונג QE65Q60D אחריות מעבדות",3617.0,3838,tvs,synthetic_duplicate,seller_noise,"טלוויזיה חכמה 65"" Samsung QLED סמסונג QE65Q60D"
טלפון סלולרי Apple iPhone 15 128GB אפל אחריות יבואן רשמי,3111.0,3926,smartphones,synthetic_duplicate,seller_noise,טלפון סלולרי Apple iPhone 15 128GB אפל
טלפון סלולרי Apple iPhone 15 128GB אפל בצבע שחור,3064.0,3926,smartphones,synthetic_duplicate,color_noise,טלפון סלולרי Apple iPhone 15 128GB אפל
טלפון סלולרי Galaxy S26 U SM-S948B/DS 1TB 16GB RAM Samsung סמסונג,7101.0,6034,smartphones,synthetic_duplicate,abbreviate,טלפון סלולרי Galaxy S26 Ultra SM-S948B/DS 1TB 16GB RAM Samsung סמסונג
טלפון סלולרי Galaxy S26 Ultra /DS 1TB 16GB RAM Samsung סמסונג,5489.0,6034,smartphones,synthetic_duplicate,drop_part,טלפון סלולרי Galaxy S26 Ultra SM-S948B/DS 1TB 16GB RAM Samsung סמסונג
טלפון סלולרי Galaxy S26 Ultra SM-S948B/DS 1TB 16GB RAM Samsung סמסונג משלוח חינם,5602.0,6034,smartphones,synthetic_duplicate,seller_noise,טלפון סלולרי Galaxy S26 Ultra SM-S948B/DS 1TB 16GB RAM Samsung סמסונג
Galaxy S26 Ultra SM-S948B/DS 1TB 16GB RAM Samsung סמסונג,5740.0,6034,smartphones,synthetic_duplicate,drop_prefix,טלפון סלולרי Galaxy S26 Ultra SM-S948B/DS 1TB 16GB RAM Samsung סמסונג
‏חוטיות Logitech H390,90.0,798961,headphones,synthetic_duplicate,drop_prefix,אוזניות  ‏חוטיות Logitech H390
אוזניות  ‏חוטיות Audio Technica ATH-M50x בצבע אפור,551.0,883392,headphones,synthetic_duplicate,color_noise,אוזניות  ‏חוטיות Audio Technica ATH-M50x
אוזניות בלוטות' ‏חוטיות Audio Technica ATH-M50x,755.0,883392,headphones,synthetic_duplicate,add_prefix,אוזניות  ‏חוטיות Audio Technica ATH-M50x
טלוויזיה סמסונג QE75Q7F QLED 4K  ‏75 ‏אינטש,2901.0,940986,tvs,synthetic_duplicate,brand_swap,טלוויזיה Samsung QE75Q7F QLED 4K  ‏75 ‏אינטש
טלוויזיה Samsung QE75Q7F QLED 4K  ‏75 ‏אינטש בצבע כחול,3484.0,940986,tvs,synthetic_duplicate,color_noise,טלוויזיה Samsung QE75Q7F QLED 4K  ‏75 ‏אינטש
טלוויזיה סמסונג QE65Q7F QLED 4K  ‏65 ‏אינטש,2287.0,940990,tvs,synthetic_duplicate,brand_swap,טלוויזיה Samsung QE65Q7F QLED 4K  ‏65 ‏אינטש
Samsung QE55Q7F 4K  ‏55 ‏אינטש,1920.0,940993,tvs,synthetic_duplicate,drop_prefix,טלוויזיה Samsung QE55Q7F 4K  ‏55 ‏אינטש
"טלוויזיה Samsung QE55Q7F 4K  ‏55 ‏""",1891.0,940993,tvs,synthetic_duplicate,abbreviate,טלוויזיה Samsung QE55Q7F 4K  ‏55 ‏אינטש
Essenza Mini D30 EN85 ‏מכונת אספרסו Nespresso Delonghi,426.0,951399,coffee_machines,synthetic_duplicate,reorder,‏מכונת אספרסו Nespresso Delonghi Essenza Mini D30 EN85
‏מכונת אספרסו Nespresso Delonghi Essenza Mini D30 EN85 משלוח חינם,410.0,951399,coffee_machines,synthetic_duplicate,seller_noise,‏מכונת אספרסו Nespresso Delonghi Essenza Mini D30 EN85
‏מכונת אספרסו נספרסו Delonghi Essenza Mini D30 EN85,349.0,951399,coffee_machines,synthetic_duplicate,brand_swap,‏מכונת אספרסו Nespresso Delonghi Essenza Mini D30 EN85
‏מכונת אספרסו Nespresso Essenza Mini C30 אחריות יבואן רשמי,537.0,951669,coffee_machines,synthetic_duplicate,seller_noise,‏מכונת אספרסו Nespresso Essenza Mini C30
‏מכונת אספרסו נספרסו Essenza Mini C30,455.0,951669,coffee_machines,synthetic_duplicate,brand_swap,‏מכונת אספרסו Nespresso Essenza Mini C30
‏מכונת אספרסו Nespresso Lattissima One EN510 אחריות יבואן רשמי,707.0,976624,coffee_machines,synthetic_duplicate,seller_noise,‏מכונת אספרסו Nespresso Lattissima One EN510
Lattissima One EN510 ‏מכונת אספרסו Nespresso,973.0,976624,coffee_machines,synthetic_duplicate,reorder,‏מכונת אספרסו Nespresso Lattissima One EN510
‏מכונת אספרסו Nespresso Lattissima One EN510 בצבע לבן,716.0,976624,coffee_machines,synthetic_duplicate,color_noise,‏מכונת אספרסו Nespresso Lattissima One EN510
‏מכונת אספרסו Delonghi ECAM21.117 אחריות יבואן רשמי,1314.0,992748,coffee_machines,synthetic_duplicate,seller_noise,‏מכונת אספרסו Delonghi ECAM21.117
Delonghi ECAM21.117 ‏מכונת אספרסו,1647.0,992748,coffee_machines,synthetic_duplicate,reorder,‏מכונת אספרסו Delonghi ECAM21.117
‏מכונת אספרסו Gaggia Besana DCS,1113.0,1030241,coffee_machines,synthetic_duplicate,seller_noise,‏מכונת אספרסו Gaggia Besana
‏מכונת אספרסו Breville BES878 בצבע כחול,2519.0,1068710,coffee_machines,synthetic_duplicate,color_noise,‏מכונת אספרסו Breville BES878
מכונת קפה אוטומטית ‏מכונת אספרסו Breville BES878,3256.0,1068710,coffee_machines,synthetic_duplicate,add_prefix,‏מכונת אספרסו Breville BES878
‏מכונת אספרסו Breville BES878 אחריות יבואן רשמי,2590.0,1068710,coffee_machines,synthetic_duplicate,seller_noise,‏מכונת אספרסו Breville BES878
מכונת קפה אוטומטית ‏מכונת אספרסו Nespresso Inissia EN 80,310.0,1087191,coffee_machines,synthetic_duplicate,add_prefix,‏מכונת אספרסו Nespresso Inissia EN 80
‏מכונת אספרסו Nespresso Inissia EN 80 DCS,371.0,1087191,coffee_machines,synthetic_duplicate,seller_noise,‏מכונת אספרסו Nespresso Inissia EN 80
אוזניות אלחוטיות ‏חוטיות Razer BlackShark V2 X,156.0,1090131,headphones,synthetic_duplicate,add_prefix,אוזניות  ‏חוטיות Razer BlackShark V2 X
BlackShark V2 X אוזניות ‏חוטיות Razer,159.0,1090131,headphones,synthetic_duplicate,reorder,אוזניות  ‏חוטיות Razer BlackShark V2 X
Apple MacBook Air 13 MGN63HB/A MGN93HB/A MGND3HB/A,2525.0,1099482,laptops,synthetic_duplicate,drop_prefix,מחשב נייד Apple MacBook Air 13 MGN63HB/A MGN93HB/A MGND3HB/A
‏מכונת אספרסו Delonghi ECAM350.15.B בצבע כחול,2142.0,1105069,coffee_machines,synthetic_duplicate,color_noise,‏מכונת אספרסו Delonghi ECAM350.15.B
אוזניות  ‏אלחוטי JBL Tune 510BT,140.0,1113020,headphones,synthetic_duplicate,abbreviate,אוזניות  ‏אלחוטיות JBL Tune 510BT
אוזניות  ‏אלחוטיות JBL Tune 510BT בצבע כחול,105.0,1113020,headphones,synthetic_duplicate,color_noise,אוזניות  ‏אלחוטיות JBL Tune 510BT
‏מכונת אספרסו Breville Barista Express with Milk Jug Thermal BES875 יבואן מורשה,2373.0,1114609,coffee_machines,synthetic_duplicate,seller_noise,‏מכונת אספרסו Breville Barista Express with Milk Jug Thermal BES875
Hemilton HEM-243 ‏מקציף חלב,141.0,1121265,coffee_machines,synthetic_duplicate,reorder,‏מקציף חלב Hemilton HEM-243
‏מקציף חלב Hemilton HEM-243 בצבע שחור,163.0,1121265,coffee_machines,synthetic_duplicate,color_noise,‏מקציף חלב Hemilton HEM-243
Breville BES875BSS ‏מכונת אספרסו,2914.0,1126869,coffee_machines,synthetic_duplicate,reorder,‏מכונת אספרסו Breville BES875BSS
‏מכונת אספרסו Breville BES875BSS Blue,2185.0,1126869,coffee_machines,synthetic_duplicate,color_noise,‏מכונת אספרסו Breville BES875BSS
מכונת קפה אוטומטית ‏מכונת אספרסו Breville BES875BSS,2111.0,1126869,coffee_machines,synthetic_duplicate,add_prefix,‏מכונת אספרסו Breville BES875BSS
‏מכונת אספרסו Nespresso Citiz&Milk EN267 אחריות יבואן רשמי,839.0,1127066,coffee_machines,synthetic_duplicate,seller_noise,‏מכונת אספרסו Nespresso Citiz&Milk EN267
Nespresso Citiz&Milk EN267 ‏מכונת אספרסו,672.0,1127066,coffee_machines,synthetic_duplicate,reorder,‏מכונת אספרסו Nespresso Citiz&Milk EN267
‏מכונת אספרסו Delonghi Specialista Prestigio EC 9355.M Black,3043.0,1154861,coffee_machines,synthetic_duplicate,color_noise,‏מכונת אספרסו Delonghi Specialista Prestigio EC 9355.M
מכונת אספרסו ‏מכונת אספרסו Delonghi La Specialista Arte EC9155,2201.0,1155620,coffee_machines,synthetic_duplicate,add_prefix,‏מכונת אספרסו Delonghi La Specialista Arte EC9155
Samsung Galaxy Buds2 Pro SM-R510 True Wireless,437.0,1167384,headphones,synthetic_duplicate,drop_prefix,אוזניות Samsung Galaxy Buds2 Pro SM-R510 True Wireless
אוזניות Samsung Galaxy Buds2 Pro SM-R510 True Wireless משלוח חינם,351.0,1167384,headphones,synthetic_duplicate,seller_noise,אוזניות Samsung Galaxy Buds2 Pro SM-R510 True Wireless
JBL Tune 720BT Bluetooth,177.0,1187828,headphones,synthetic_duplicate,drop_prefix,אוזניות JBL Tune 720BT Bluetooth
Tune 720BT Bluetooth אוזניות JBL,238.0,1187828,headphones,synthetic_duplicate,reorder,אוזניות JBL Tune 720BT Bluetooth
אוזניות JBL Tune 720BT Bluetooth משלוח חינם,177.0,1187828,headphones,synthetic_duplicate,seller_noise,אוזניות JBL Tune 720BT Bluetooth
אוזניות ג'יי בי אל Tune 720BT Bluetooth,177.0,1187828,headphones,synthetic_duplicate,brand_swap,אוזניות JBL Tune 720BT Bluetooth
מחשב נייד אסוס VivoBook 15 X1504VA-BQ149,2873.0,1191538,laptops,synthetic_duplicate,brand_swap,מחשב נייד Asus VivoBook 15 X1504VA-BQ149
Asus VivoBook 15 X1504VA-BQ149,3042.0,1191538,laptops,synthetic_duplicate,drop_prefix,מחשב נייד Asus VivoBook 15 X1504VA-BQ149
מחשב נייד Lenovo V15 G4 AMN 82YU0044IV Black,1192.0,1194008,laptops,synthetic_duplicate,color_noise,מחשב נייד Lenovo V15 G4 AMN 82YU0044IV
נייד Lenovo V15 G4 AMN 82YU0044IV,1278.0,1194008,laptops,synthetic_duplicate,add_prefix,מחשב נייד Lenovo V15 G4 AMN 82YU0044IV
Dedica Arte EC885 ‏מכונת אספרסו Delonghi,789.0,1200012,coffee_machines,synthetic_duplicate,reorder,‏מכונת אספרסו Delonghi Dedica Arte EC885
אוזניות JBL Wave Beam True Wireless בצבע אפור,174.0,1200216,headphones,synthetic_duplicate,color_noise,אוזניות JBL Wave Beam True Wireless
אוזניות JBL Wave Beam True Wireless יבואן רשמי,212.0,1200216,headphones,synthetic_duplicate,seller_noise,אוזניות JBL Wave Beam True Wireless
אוזניות בלוטות' JBL Tune 770NC Bluetooth,209.0,1201031,headphones,synthetic_duplicate,add_prefix,אוזניות JBL Tune 770NC Bluetooth
אוזניות JBL Tune 770NC Bluetooth בצבע כחול,274.0,1201031,headphones,synthetic_duplicate,color_noise,אוזניות JBL Tune 770NC Bluetooth
אוזניות JBL Tune 770NC BT,284.0,1201031,headphones,synthetic_duplicate,abbreviate,אוזניות JBL Tune 770NC Bluetooth
מחשב נייד Lenovo IdeaPad Slim 3 15IAH8 83ER003UIV בצבע כסף,2202.0,1203016,laptops,synthetic_duplicate,color_noise,מחשב נייד Lenovo IdeaPad Slim 3 15IAH8 83ER003UIV
מחשב נייד Lenovo IdeaPad Slim 3 15IAH8 83ER003UIV יבואן רשמי,1896.0,1203016,laptops,synthetic_duplicate,seller_noise,מחשב נייד Lenovo IdeaPad Slim 3 15IAH8 83ER003UIV
אוזניות סוני WF-1000XM5 True Wireless,877.0,1203553,headphones,synthetic_duplicate,brand_swap,אוזניות Sony WF-1000XM5 True Wireless
טלפון חכם Apple iPhone 15 128GB,2471.0,1207018,smartphones,synthetic_duplicate,add_prefix,טלפון סלולרי Apple iPhone 15 128GB
Apple iPhone 15 128GB,1807.0,1207018,smartphones,synthetic_duplicate,drop_prefix,טלפון סלולרי Apple iPhone 15 128GB
iPhone 15 128GB טלפון סלולרי Apple,2496.0,1207018,smartphones,synthetic_duplicate,reorder,טלפון סלולרי Apple iPhone 15 128GB
טלפון סלולרי Apple iPhone 15 128GB אחריות יבואן רשמי,2182.0,1207018,smartphones,synthetic_duplicate,seller_noise,טלפון סלולרי Apple iPhone 15 128GB
טלפון סלולרי Apple iPhone 15 256GB DCS,3107.0,1207020,smartphones,synthetic_duplicate,seller_noise,טלפון סלולרי Apple iPhone 15 256GB
iPhone 15 256GB טלפון סלולרי Apple,2239.0,1207020,smartphones,synthetic_duplicate,reorder,טלפון סלולרי Apple iPhone 15 256GB
Hemilton HEM-265/HEM-264 ‏מקציף חלב,199.0,1207103,coffee_machines,synthetic_duplicate,reorder,‏מקציף חלב Hemilton HEM-265/HEM-264
מכונת קפה אוטומטית ‏מקציף חלב Hemilton HEM-265/HEM-264,238.0,1207103,coffee_machines,synthetic_duplicate,add_prefix,‏מקציף חלב Hemilton HEM-265/HEM-264
‏מקציף חלב Hemilton HEM-265/HEM-264 Black,217.0,1207103,coffee_machines,synthetic_duplicate,color_noise,‏מקציף חלב Hemilton HEM-265/HEM-264
אוזניות אפל AirPods Pro 2 MagSafe USB-C True Wireless,646.0,1208575,headphones,synthetic_duplicate,brand_swap,אוזניות Apple AirPods Pro 2 MagSafe USB-C True Wireless
אוזניות Apple AirPods Pro 2 MagSafe USB-C TW,619.0,1208575,headphones,synthetic_duplicate,abbreviate,אוזניות Apple AirPods Pro 2 MagSafe USB-C True Wireless
Apple AirPods Pro 2 MagSafe USB-C True Wireless,576.0,1208575,headphones,synthetic_duplicate,drop_prefix,אוזניות Apple AirPods Pro 2 MagSafe USB-C True Wireless
אוזניות  ‏אלחוטי Bose QuietComfort Ultra,952.0,1210045,headphones,synthetic_duplicate,abbreviate,אוזניות  ‏אלחוטיות Bose QuietComfort Ultra
אוזניות  ‏אלחוטיות בוז QuietComfort Ultra,1009.0,1210045,headphones,synthetic_duplicate,brand_swap,אוזניות  ‏אלחוטיות Bose QuietComfort Ultra
אוזניות בלוטות' ‏אלחוטיות Bose QuietComfort Ultra,1078.0,1210045,headphones,synthetic_duplicate,add_prefix,אוזניות  ‏אלחוטיות Bose QuietComfort Ultra
אוזניות סמסונג Galaxy Buds FE SM-R400 True Wireless,197.0,1211517,headphones,synthetic_duplicate,brand_swap,אוזניות Samsung Galaxy Buds FE SM-R400 True Wireless
אוזניות Samsung Galaxy Buds FE  True Wireless,207.0,1211517,headphones,synthetic_duplicate,drop_part,אוזניות Samsung Galaxy Buds FE SM-R400 True Wireless
FE SM-R400 True Wireless אוזניות Samsung Galaxy Buds,240.0,1211517,headphones,synthetic_duplicate,reorder,אוזניות Samsung Galaxy Buds FE SM-R400 True Wireless
Samsung Galaxy S24 SM-S921B/DS 256GB 8GB RAM,1606.0,1215643,smartphones,synthetic_duplicate,drop_prefix,טלפון סלולרי Samsung Galaxy S24 SM-S921B/DS 256GB 8GB RAM
מכשיר סלולרי Samsung Galaxy S24 SM-S921B/DS 256GB 8GB RAM,2024.0,1215643,smartphones,synthetic_duplicate,add_prefix,טלפון סלולרי Samsung Galaxy S24 SM-S921B/DS 256GB 8GB RAM
טלוויזיה שיאומי A Pro L32M8-A2ME  ‏32 ‏אינטש,554.0,1216736,tvs,synthetic_duplicate,brand_swap,טלוויזיה Xiaomi A Pro L32M8-A2ME  ‏32 ‏אינטש
טלוויזיה Xiaomi A Pro L32M8-A2ME  ‏32 ‏אינטש אחריות יבואן רשמי,611.0,1216736,tvs,synthetic_duplicate,seller_noise,טלוויזיה Xiaomi A Pro L32M8-A2ME  ‏32 ‏אינטש
מכונת קפה אוטומטית ‏מכונת אספרסו Smeg ECF02,1566.0,1218026,coffee_machines,synthetic_duplicate,add_prefix,‏מכונת אספרסו Smeg ECF02
TV MAG CR32E HD Ready  ‏32 ‏אינטש,417.0,1219131,tvs,synthetic_duplicate,add_prefix,טלוויזיה MAG CR32E HD Ready  ‏32 ‏אינטש
טלוויזיה MAG CR32E HD Ready  ‏32 ‏אינטש אחריות מעבדות,412.0,1219131,tvs,synthetic_duplicate,seller_noise,טלוויזיה MAG CR32E HD Ready  ‏32 ‏אינטש
‏מכונת אספרסו Gaggia EG2109 יבואן מורשה,695.0,1224100,coffee_machines,synthetic_duplicate,seller_noise,‏מכונת אספרסו Gaggia EG2109
מכונת אספרסו ‏מכונת אספרסו Gaggia EG2109,745.0,1224100,coffee_machines,synthetic_duplicate,add_prefix,‏מכונת אספרסו Gaggia EG2109
Lenovo IdeaPad Slim 3 15IRH8 83EM00AXIV,3156.0,1225445,laptops,synthetic_duplicate,drop_prefix,מחשב נייד Lenovo IdeaPad Slim 3 15IRH8 83EM00AXIV
מחשב נייד Lenovo IdeaPad Slim 3 15IRH8 83EM00AXIV בצבע כחול,2451.0,1225445,laptops,synthetic_duplicate,color_noise,מחשב נייד Lenovo IdeaPad Slim 3 15IRH8 83EM00AXIV
Magnifica Start ECAM220.60.B ‏מכונת אספרסו Delonghi,1959.0,1225992,coffee_machines,synthetic_duplicate,reorder,‏מכונת אספרסו Delonghi Magnifica Start ECAM220.60.B
Delonghi Rivelia EXAM440.55 ‏מכונת אספרסו,4028.0,1226172,coffee_machines,synthetic_duplicate,reorder,‏מכונת אספרסו Delonghi Rivelia EXAM440.55
"טלוויזיה 55"" סמסונג NEO QLED דגם QE55QN85D",4353.0,1226223,tvs,synthetic_duplicate,brand_swap,"טלוויזיה 55"" Samsung NEO QLED דגם QE55QN85D"
"55"" Samsung NEO QLED דגם QE55QN85D",3662.0,1226223,tvs,synthetic_duplicate,drop_prefix,"טלוויזיה 55"" Samsung NEO QLED דגם QE55QN85D"
טלוויזיה סמסונג QE65Q80D 4K  ‏65 ‏אינטש,2856.0,1226333,tvs,synthetic_duplicate,brand_swap,טלוויזיה Samsung QE65Q80D 4K  ‏65 ‏אינטש
TV Samsung QE65Q80D 4K  ‏65 ‏אינטש,2918.0,1226333,tvs,synthetic_duplicate,add_prefix,טלוויזיה Samsung QE65Q80D 4K  ‏65 ‏אינטש
4K ‏65 ‏אינטש טלוויזיה Samsung QE65Q80D,2994.0,1226333,tvs,synthetic_duplicate,reorder,טלוויזיה Samsung QE65Q80D 4K  ‏65 ‏אינטש
אוזניות אלחוטיות Sennheiser Momentum True Wireless 4 True Wireless,686.0,1227130,headphones,synthetic_duplicate,add_prefix,אוזניות Sennheiser Momentum True Wireless 4 True Wireless
טלוויזיה סמסונג UE98DU9000 4K  ‏98 ‏אינטש,5590.0,1227963,tvs,synthetic_duplicate,brand_swap,טלוויזיה Samsung UE98DU9000 4K  ‏98 ‏אינטש
אוזניות Samsung Galaxy Buds3 Pro SM-R630 True Wireless בצבע שחור,544.0,1228604,headphones,synthetic_duplicate,color_noise,אוזניות Samsung Galaxy Buds3 Pro SM-R630 True Wireless
אוזניות Samsung Galaxy Buds3 Pro  True Wireless,468.0,1228604,headphones,synthetic_duplicate,drop_part,אוזניות Samsung Galaxy Buds3 Pro SM-R630 True Wireless
מכונת אספרסו Delonghi ECAM21.117.B בצבע כסף,1506.0,1232360,coffee_machines,synthetic_duplicate,color_noise,מכונת אספרסו Delonghi ECAM21.117.B
Delonghi ECAM21.117.B,1704.0,1232360,coffee_machines,synthetic_duplicate,drop_prefix,מכונת אספרסו Delonghi ECAM21.117.B
טלפון סלולרי Apple iPhone 16 Pro Max 256GB DCS,4371.0,1233992,smartphones,synthetic_duplicate,seller_noise,טלפון סלולרי Apple iPhone 16 Pro Max 256GB
Apple iPhone 16 Pro Max 256GB,4809.0,1233992,smartphones,synthetic_duplicate,drop_prefix,טלפון סלולרי Apple iPhone 16 Pro Max 256GB
מכשיר סלולרי Apple iPhone 16 Pro Max 256GB,4782.0,1233992,smartphones,synthetic_duplicate,add_prefix,טלפון סלולרי Apple iPhone 16 Pro Max 256GB
טלפון סלולרי Apple iPhone 16 128GB DCS,2779.0,1234002,smartphones,synthetic_duplicate,seller_noise,טלפון סלולרי Apple iPhone 16 128GB
טלפון סלולרי Apple iPhone 16 128GB בצבע שחור,2345.0,1234002,smartphones,synthetic_duplicate,color_noise,טלפון סלולרי Apple iPhone 16 128GB
‏אלחוטיות Apple AirPods 4 MXP63ZM/A MXP63LL/A MXP63HN/A,366.0,1234891,headphones,synthetic_duplicate,drop_prefix,אוזניות  ‏אלחוטיות Apple AirPods 4 MXP63ZM/A MXP63LL/A MXP63HN/A
4 MXP63ZM/A MXP63LL/A MXP63HN/A אוזניות ‏אלחוטיות Apple AirPods,506.0,1234891,headphones,synthetic_duplicate,reorder,אוזניות  ‏אלחוטיות Apple AirPods 4 MXP63ZM/A MXP63LL/A MXP63HN/A
אוזניות בלוטות' ‏אלחוטיות Apple AirPods 4 MXP63ZM/A MXP63LL/A MXP63HN/A,495.0,1234891,headphones,synthetic_duplicate,add_prefix,אוזניות  ‏אלחוטיות Apple AirPods 4 MXP63ZM/A MXP63LL/A MXP63HN/A
אוזניות אפל AirPods 4 with Active Noise Cancellation MXP93ZM/A True Wireless,646.0,1234892,headphones,synthetic_duplicate,brand_swap,אוזניות Apple AirPods 4 with Active Noise Cancellation MXP93ZM/A True Wireless
אוזניות בלוטות' Apple AirPods 4 with Active Noise Cancellation MXP93ZM/A True Wireless,639.0,1234892,headphones,synthetic_duplicate,add_prefix,אוזניות Apple AirPods 4 with Active Noise Cancellation MXP93ZM/A True Wireless
אוזניות Apple AirPods 4 with Active Noise Cancellation MXP93ZM/A True Wireless Silver,564.0,1234892,headphones,synthetic_duplicate,color_noise,אוזניות Apple AirPods 4 with Active Noise Cancellation MXP93ZM/A True Wireless
‏אלחוטיות Apple AirPods Max USB-C,1912.0,1234904,headphones,synthetic_duplicate,drop_prefix,אוזניות  ‏אלחוטיות Apple AirPods Max USB-C
אוזניות  ‏אלחוטי Apple AirPods Max USB-C,1982.0,1234904,headphones,synthetic_duplicate,abbreviate,אוזניות  ‏אלחוטיות Apple AirPods Max USB-C
אוזניות  ‏אלחוטיות Apple AirPods Max USB-C משלוח חינם,1528.0,1234904,headphones,synthetic_duplicate,seller_noise,אוזניות  ‏אלחוטיות Apple AirPods Max USB-C
אוזניות שיאומי Redmi Buds 6 Play True Wireless,77.0,1236640,headphones,synthetic_duplicate,brand_swap,אוזניות Xiaomi Redmi Buds 6 Play True Wireless
אוזניות Xiaomi Redmi Buds 6 Play TW,72.0,1236640,headphones,synthetic_duplicate,abbreviate,אוזניות Xiaomi Redmi Buds 6 Play True Wireless
אוזניות אלחוטיות Xiaomi Redmi Buds 6 Play True Wireless,69.0,1236640,headphones,synthetic_duplicate,add_prefix,אוזניות Xiaomi Redmi Buds 6 Play True Wireless
מחשב נייד Lenovo V14 G4 IRU 83A0007VIV יבואן מורשה,1347.0,1237484,laptops,synthetic_duplicate,seller_noise,מחשב נייד Lenovo V14 G4 IRU 83A0007VIV
מחשב נייד Lenovo V14 G4 IRU 83A0007VIV Silver,1251.0,1237484,laptops,synthetic_duplicate,color_noise,מחשב נייד Lenovo V14 G4 IRU 83A0007VIV
מחשב נייד אפל MacBook Air 13 M2 MC7U4HB/A MC7V4HB/A MC7W4HB/A MC7X4HB/A,3481.0,1237766,laptops,synthetic_duplicate,brand_swap,מחשב נייד Apple MacBook Air 13 M2 MC7U4HB/A MC7V4HB/A MC7W4HB/A MC7X4HB/A
מחשב נייד Apple MacBook Air 13 M2 MC7U4HB/A MC7V4HB/A MC7W4HB/A MC7X4HB/A Black,3315.0,1237766,laptops,synthetic_duplicate,color_noise,מחשב נייד Apple MacBook Air 13 M2 MC7U4HB/A MC7V4HB/A MC7W4HB/A MC7X4HB/A
נייד Apple MacBook Air 13 M2 MC7U4HB/A MC7V4HB/A MC7W4HB/A MC7X4HB/A,3477.0,1237766,laptops,synthetic_duplicate,add_prefix,מחשב נייד Apple MacBook Air 13 M2 MC7U4HB/A MC7V4HB/A MC7W4HB/A MC7X4HB/A
אוזניות Anker Soundcore Space One Pro Bluetooth בצבע כחול,507.0,1240770,headphones,synthetic_duplicate,color_noise,אוזניות Anker Soundcore Space One Pro Bluetooth
טלפון סלולרי שיאומי Poco X7 Pro 512GB 12GB RAM,1387.0,1240775,smartphones,synthetic_duplicate,brand_swap,טלפון סלולרי Xiaomi Poco X7 Pro 512GB 12GB RAM
טלפון סלולרי Xiaomi Poco X7 Pro 512GB 12GB RAM משלוח חינם,1103.0,1240775,smartphones,synthetic_duplicate,seller_noise,טלפון סלולרי Xiaomi Poco X7 Pro 512GB 12GB RAM
טלפון סלולרי Samsung Galaxy S25 Plus SM-S936B/DS 256GB 12GB RAM Blue,2538.0,1241793,smartphones,synthetic_duplicate,color_noise,טלפון סלולרי Samsung Galaxy S25 Plus SM-S936B/DS 256GB 12GB RAM
טלפון סלולרי Samsung Galaxy S25 Plus SM-S936B/DS 256GB 12GB RAM אחריות יבואן רשמי,2901.0,1241793,smartphones,synthetic_duplicate,seller_noise,טלפון סלולרי Samsung Galaxy S25 Plus SM-S936B/DS 256GB 12GB RAM
‏מכונת אספרסו Ninja Luxe Essential ES501EU משלוח חינם,1265.0,1241809,coffee_machines,synthetic_duplicate,seller_noise,‏מכונת אספרסו Ninja Luxe Essential ES501EU
Luxe Essential ES501EU ‏מכונת אספרסו Ninja,1192.0,1241809,coffee_machines,synthetic_duplicate,reorder,‏מכונת אספרסו Ninja Luxe Essential ES501EU
S25 SM-S931B/DS 256GB 12GB RAM טלפון סלולרי Samsung Galaxy,2126.0,1242015,smartphones,synthetic_duplicate,reorder,טלפון סלולרי Samsung Galaxy S25 SM-S931B/DS 256GB 12GB RAM
טלפון סלולרי Samsung Galaxy S25 /DS 256GB 12GB RAM,2513.0,1242015,smartphones,synthetic_duplicate,drop_part,טלפון סלולרי Samsung Galaxy S25 SM-S931B/DS 256GB 12GB RAM
טלפון סלולרי Samsung Galaxy S25 Ultra SM-S938B/DS 512GB 12GB RAM יבואן מורשה,3639.0,1242276,smartphones,synthetic_duplicate,seller_noise,טלפון סלולרי Samsung Galaxy S25 Ultra SM-S938B/DS 512GB 12GB RAM
טלפון סלולרי Samsung Galaxy S25 U SM-S938B/DS 512GB 12GB RAM,3628.0,1242276,smartphones,synthetic_duplicate,abbreviate,טלפון סלולרי Samsung Galaxy S25 Ultra SM-S938B/DS 512GB 12GB RAM
טלפון סלולרי Samsung Galaxy S25 Ultra /DS 512GB 12GB RAM,4217.0,1242276,smartphones,synthetic_duplicate,drop_part,טלפון סלולרי Samsung Galaxy S25 Ultra SM-S938B/DS 512GB 12GB RAM
Samsung Galaxy S25 Ultra SM-S938B/DS 512GB 12GB RAM,4401.0,1242276,smartphones,synthetic_duplicate,drop_prefix,טלפון סלולרי Samsung Galaxy S25 Ultra SM-S938B/DS 512GB 12GB RAM
Ultra SM-S938B/DS 256GB 12GB RAM טלפון סלולרי Samsung Galaxy S25,3554.0,1242277,smartphones,synthetic_duplicate,reorder,טלפון סלולרי Samsung Galaxy S25 Ultra SM-S938B/DS 256GB 12GB RAM
טלפון סלולרי Samsung Galaxy S25 Ultra /DS 256GB 12GB RAM,2912.0,1242277,smartphones,synthetic_duplicate,drop_part,טלפון סלולרי Samsung Galaxy S25 Ultra SM-S938B/DS 256GB 12GB RAM
Samsung Galaxy S25 Ultra SM-S938B/DS 256GB 12GB RAM,2933.0,1242277,smartphones,synthetic_duplicate,drop_prefix,טלפון סלולרי Samsung Galaxy S25 Ultra SM-S938B/DS 256GB 12GB RAM
מחשב נייד Acer Nitro V15 NH.QSGEC.002 יבואן רשמי,3754.0,1242460,laptops,synthetic_duplicate,seller_noise,מחשב נייד Acer Nitro V15 NH.QSGEC.002
מחשב נייד Acer Nitro V15 NH.QSGEC.002 בצבע אפור,4506.0,1242460,laptops,synthetic_duplicate,color_noise,מחשב נייד Acer Nitro V15 NH.QSGEC.002
מחשב נייד Asus ExpertBook P1 P1503CVA-S70709 Blue,1625.0,1243789,laptops,synthetic_duplicate,color_noise,מחשב נייד Asus ExpertBook P1 P1503CVA-S70709
Asus ExpertBook P1 P1503CVA-S70709,1573.0,1243789,laptops,synthetic_duplicate,drop_prefix,מחשב נייד Asus ExpertBook P1 P1503CVA-S70709
Asus מחשב נייד ASUS ExpertBook P1 P1403CVA-S60650 בצבע אפור מעושן אחריות מעבדות,2777.0,1243790,laptops,synthetic_duplicate,seller_noise,Asus מחשב נייד ASUS ExpertBook P1 P1403CVA-S60650 בצבע אפור מעושן
מחשב נייד Apple MacBook Air 13 M4 MW123HB/A MW0Y3HB/A MW0W3HB/A MC6T4HB/A DCS,3677.0,1244076,laptops,synthetic_duplicate,seller_noise,מחשב נייד Apple MacBook Air 13 M4 MW123HB/A MW0Y3HB/A MW0W3HB/A MC6T4HB/A
13 M4 MW123HB/A MW0Y3HB/A MW0W3HB/A MC6T4HB/A מחשב נייד Apple MacBook Air,3536.0,1244076,laptops,synthetic_duplicate,reorder,מחשב נייד Apple MacBook Air 13 M4 MW123HB/A MW0Y3HB/A MW0W3HB/A MC6T4HB/A
13 M4 MW133HB/A MW103HB/A MW0X3HB/A MC6U4HB/A מחשב נייד Apple MacBook Air,4319.0,1244077,laptops,synthetic_duplicate,reorder,מחשב נייד Apple MacBook Air 13 M4 MW133HB/A MW103HB/A MW0X3HB/A MC6U4HB/A
מחשב נייד Apple MacBook Air 13 M4 MW133HB/A MW103HB/A MW0X3HB/A MC6U4HB/A בצבע שחור,4372.0,1244077,laptops,synthetic_duplicate,color_noise,מחשב נייד Apple MacBook Air 13 M4 MW133HB/A MW103HB/A MW0X3HB/A MC6U4HB/A
מחשב נייד Apple MacBook Air 15 M4 MW1G3HB/A MC7A4HB/A MW1J3HB/A MW1L3HB/A אחריות יבואן רשמי,5482.0,1244078,laptops,synthetic_duplicate,seller_noise,מחשב נייד Apple MacBook Air 15 M4 MW1G3HB/A MC7A4HB/A MW1J3HB/A MW1L3HB/A
מחשב נייד Apple MacBook Air 15 M4 MW1G3HB/A MC7A4HB/A MW1J3HB/A MW1L3HB/A White,4846.0,1244078,laptops,synthetic_duplicate,color_noise,מחשב נייד Apple MacBook Air 15 M4 MW1G3HB/A MC7A4HB/A MW1J3HB/A MW1L3HB/A
טלפון סלולרי Samsung Galaxy A56 SM-A566B/DS 256GB 8GB RAM בצבע לבן,1392.0,1244496,smartphones,synthetic_duplicate,color_noise,טלפון סלולרי Samsung Galaxy A56 SM-A566B/DS 256GB 8GB RAM
טלפון חכם Samsung Galaxy A56 SM-A566B/DS 256GB 8GB RAM,1184.0,1244496,smartphones,synthetic_duplicate,add_prefix,טלפון סלולרי Samsung Galaxy A56 SM-A566B/DS 256GB 8GB RAM
A56 SM-A566B/DS 256GB 8GB RAM טלפון סלולרי Samsung Galaxy,1223.0,1244496,smartphones,synthetic_duplicate,reorder,טלפון סלולרי Samsung Galaxy A56 SM-A566B/DS 256GB 8GB RAM
טלפון סלולרי Samsung Galaxy A56 SM-A566B/DS 256GB 8GB RAM אחריות מעבדות,1433.0,1244496,smartphones,synthetic_duplicate,seller_noise,טלפון סלולרי Samsung Galaxy A56 SM-A566B/DS 256GB 8GB RAM
מחשב נייד Lenovo Yoga 7 2-in-1 14ILL10 83JQ004SIV Blue,5830.0,1245785,laptops,synthetic_duplicate,color_noise,מחשב נייד Lenovo Yoga 7 2-in-1 14ILL10 83JQ004SIV
מחשב נייד Lenovo Yoga 7 2-in-1 14ILL10 83JQ004SIV יבואן רשמי,5500.0,1245785,laptops,synthetic_duplicate,seller_noise,מחשב נייד Lenovo Yoga 7 2-in-1 14ILL10 83JQ004SIV
7 2-in-1 14ILL10 83JQ004SIV מחשב נייד Lenovo Yoga,5272.0,1245785,laptops,synthetic_duplicate,reorder,מחשב נייד Lenovo Yoga 7 2-in-1 14ILL10 83JQ004SIV
"טלוויזיה TCL C6K 65C6K 4K  ‏65 ‏""",2595.0,1247491,tvs,synthetic_duplicate,abbreviate,טלוויזיה TCL C6K 65C6K 4K  ‏65 ‏אינטש
טלוויזיה TCL C6K 65C6K 4K  ‏65 ‏אינטש יבואן רשמי,2354.0,1247491,tvs,synthetic_duplicate,seller_noise,טלוויזיה TCL C6K 65C6K 4K  ‏65 ‏אינטש
TCL C6K 65C6K 4K  ‏65 ‏אינטש,2703.0,1247491,tvs,synthetic_duplicate,drop_prefix,טלוויזיה TCL C6K 65C6K 4K  ‏65 ‏אינטש
ProBook 4 G1i AD2M0ET מחשב נייד HP,2666.0,1247863,laptops,synthetic_duplicate,reorder,מחשב נייד HP ProBook 4 G1i AD2M0ET
מחשב נייד אייץ' פי ProBook 4 G1i AD2M0ET,3124.0,1247863,laptops,synthetic_duplicate,brand_swap,מחשב נייד HP ProBook 4 G1i AD2M0ET
מחשב נייד HP ProBook 4 G1i AD2L3ET אחריות מעבדות,3234.0,1247869,laptops,synthetic_duplicate,seller_noise,מחשב נייד HP ProBook 4 G1i AD2L3ET
נייד HP ProBook 4 G1i AD2L3ET,3209.0,1247869,laptops,synthetic_duplicate,add_prefix,מחשב נייד HP ProBook 4 G1i AD2L3ET
מחשב נייד אייץ' פי ProBook 4 G1i AD2M3ET,3632.0,1247872,laptops,synthetic_duplicate,brand_swap,מחשב נייד HP ProBook 4 G1i AD2M3ET
מחשב נייד HP ProBook 4 G1i AD2M3ET יבואן רשמי,3312.0,1247872,laptops,synthetic_duplicate,seller_noise,מחשב נייד HP ProBook 4 G1i AD2M3ET
HP ProBook 4 G1i AD2M1ET,3631.0,1247873,laptops,synthetic_duplicate,drop_prefix,מחשב נייד HP ProBook 4 G1i AD2M1ET
מחשב נייד HP ProBook 4 G1i AD2M1ET אחריות מעבדות,3510.0,1247873,laptops,synthetic_duplicate,seller_noise,מחשב נייד HP ProBook 4 G1i AD2M1ET
ProBook 4 G1i AD2M1ET מחשב נייד HP,3052.0,1247873,laptops,synthetic_duplicate,reorder,מחשב נייד HP ProBook 4 G1i AD2M1ET
מחשב נייד אייץ' פי ProBook 4 G1i AD2M1ET,3576.0,1247873,laptops,synthetic_duplicate,brand_swap,מחשב נייד HP ProBook 4 G1i AD2M1ET
‏מכונת אספרסו Ninja Luxe Essential ES601EU בצבע כחול,1628.0,1248076,coffee_machines,synthetic_duplicate,color_noise,‏מכונת אספרסו Ninja Luxe Essential ES601EU
לפטופ Lenovo IdeaPad Slim 3 15IRH10 83K100KPIV,2318.0,1248137,laptops,synthetic_duplicate,add_prefix,מחשב נייד Lenovo IdeaPad Slim 3 15IRH10 83K100KPIV
Slim 3 15IRH10 83K100KPIV מחשב נייד Lenovo IdeaPad,2575.0,1248137,laptops,synthetic_duplicate,reorder,מחשב נייד Lenovo IdeaPad Slim 3 15IRH10 83K100KPIV
מחשב נייד Lenovo IdeaPad Slim 3 15IRH10 83K100KPIV אחריות מעבדות,2867.0,1248137,laptops,synthetic_duplicate,seller_noise,מחשב נייד Lenovo IdeaPad Slim 3 15IRH10 83K100KPIV
TCL 65C7K 4K  ‏65 ‏אינטש,3572.0,1248992,tvs,synthetic_duplicate,drop_prefix,טלוויזיה TCL 65C7K 4K  ‏65 ‏אינטש
טלוויזיה TCL 65C7K 4K  ‏65 ‏אינטש יבואן מורשה,2884.0,1248992,tvs,synthetic_duplicate,seller_noise,טלוויזיה TCL 65C7K 4K  ‏65 ‏אינטש
אוזניות  ‏אלחוטיות Sony WH-1000XM6 White,1417.0,1249659,headphones,synthetic_duplicate,color_noise,אוזניות  ‏אלחוטיות Sony WH-1000XM6
אוזניות  ‏אלחוטי Sony WH-1000XM6,1521.0,1249659,headphones,synthetic_duplicate,abbreviate,אוזניות  ‏אלחוטיות Sony WH-1000XM6
אוזניות בלוטות' ‏אלחוטיות Sony WH-1000XM6,1524.0,1249659,headphones,synthetic_duplicate,add_prefix,אוזניות  ‏אלחוטיות Sony WH-1000XM6
4K ‏77 ‏אינטש טלוויזיה LG OLED77B56LA,7510.0,1250748,tvs,synthetic_duplicate,reorder,טלוויזיה LG OLED77B56LA 4K  ‏77 ‏אינטש
מסך LG OLED77B56LA 4K  ‏77 ‏אינטש,8508.0,1250748,tvs,synthetic_duplicate,add_prefix,טלוויזיה LG OLED77B56LA 4K  ‏77 ‏אינטש
"טלוויזיה LG OLED65G56LA 4K  ‏65 ‏""",7373.0,1251127,tvs,synthetic_duplicate,abbreviate,טלוויזיה LG OLED65G56LA 4K  ‏65 ‏אינטש
Liberty 5 Bluetooth אוזניות Anker Soundcore,335.0,1251814,headphones,synthetic_duplicate,reorder,אוזניות Anker Soundcore Liberty 5 Bluetooth
אוזניות בלוטות' Anker Soundcore Liberty 5 Bluetooth,385.0,1251814,headphones,synthetic_duplicate,add_prefix,אוזניות Anker Soundcore Liberty 5 Bluetooth
אוזניות Anker Soundcore Liberty 5 BT,303.0,1251814,headphones,synthetic_duplicate,abbreviate,אוזניות Anker Soundcore Liberty 5 Bluetooth
Anker Soundcore Liberty 5 Bluetooth,291.0,1251814,headphones,synthetic_duplicate,drop_prefix,אוזניות Anker Soundcore Liberty 5 Bluetooth
אוזניות  ‏אלחוטי Samsung Galaxy Buds Core SM-R410,149.0,1252156,headphones,synthetic_duplicate,abbreviate,אוזניות  ‏אלחוטיות Samsung Galaxy Buds Core SM-R410
אוזניות  ‏אלחוטיות סמסונג Galaxy Buds Core SM-R410,137.0,1252156,headphones,synthetic_duplicate,brand_swap,אוזניות  ‏אלחוטיות Samsung Galaxy Buds Core SM-R410
4K ‏55 ‏אינטש טלוויזיה LG OLED55C56LA,5324.0,1252317,tvs,synthetic_duplicate,reorder,טלוויזיה LG OLED55C56LA 4K  ‏55 ‏אינטש
טלוויזיה LG OLED55C56LA 4K  ‏55 ‏אינטש Black,6457.0,1252317,tvs,synthetic_duplicate,color_noise,טלוויזיה LG OLED55C56LA 4K  ‏55 ‏אינטש
"טלוויזיה LG OLED65C56LA 4K  ‏65 ‏""",7374.0,1252339,tvs,synthetic_duplicate,abbreviate,טלוויזיה LG OLED65C56LA 4K  ‏65 ‏אינטש
טלוויזיה אל ג'י OLED65C56LA 4K  ‏65 ‏אינטש,5526.0,1252339,tvs,synthetic_duplicate,brand_swap,טלוויזיה LG OLED65C56LA 4K  ‏65 ‏אינטש
4K ‏65 ‏אינטש טלוויזיה LG OLED65C56LA,6206.0,1252339,tvs,synthetic_duplicate,reorder,טלוויזיה LG OLED65C56LA 4K  ‏65 ‏אינטש
LG OLED77C56LA 4K  ‏77 ‏אינטש,7927.0,1252343,tvs,synthetic_duplicate,drop_prefix,טלוויזיה LG OLED77C56LA 4K  ‏77 ‏אינטש
4K ‏77 ‏אינטש טלוויזיה LG OLED77C56LA,11111.0,1252343,tvs,synthetic_duplicate,reorder,טלוויזיה LG OLED77C56LA 4K  ‏77 ‏אינטש
טלוויזיה LG OLED77C56LA 4K  ‏77 ‏אינטש בצבע שחור,11280.0,1252343,tvs,synthetic_duplicate,color_noise,טלוויזיה LG OLED77C56LA 4K  ‏77 ‏אינטש
מסך Samsung UE43U8000F 4K  ‏43 ‏אינטש,1303.0,1252737,tvs,synthetic_duplicate,add_prefix,טלוויזיה Samsung UE43U8000F 4K  ‏43 ‏אינטש
Samsung UE43U8000F 4K  ‏43 ‏אינטש,1323.0,1252737,tvs,synthetic_duplicate,drop_prefix,טלוויזיה Samsung UE43U8000F 4K  ‏43 ‏אינטש
טלוויזיה סמסונג UE43U8000F 4K  ‏43 ‏אינטש,1294.0,1252737,tvs,synthetic_duplicate,brand_swap,טלוויזיה Samsung UE43U8000F 4K  ‏43 ‏אינטש
טלוויזיה Samsung UE43U8000F 4K  ‏43 ‏אינטש אחריות יבואן רשמי,1280.0,1252737,tvs,synthetic_duplicate,seller_noise,טלוויזיה Samsung UE43U8000F 4K  ‏43 ‏אינטש
4K ‏55 ‏אינטש טלוויזיה Samsung UE55U8000F,1790.0,1252739,tvs,synthetic_duplicate,reorder,טלוויזיה Samsung UE55U8000F 4K  ‏55 ‏אינטש
מסך Samsung UE55U8000F 4K  ‏55 ‏אינטש,1695.0,1252739,tvs,synthetic_duplicate,add_prefix,טלוויזיה Samsung UE55U8000F 4K  ‏55 ‏אינטש
טלוויזיה סמסונג UE75U8000F 4K  ‏75 ‏אינטש,2472.0,1252741,tvs,synthetic_duplicate,brand_swap,טלוויזיה Samsung UE75U8000F 4K  ‏75 ‏אינטש
טלוויזיה Samsung UE75U8000F 4K  ‏75 ‏אינטש יבואן מורשה,3209.0,1252741,tvs,synthetic_duplicate,seller_noise,טלוויזיה Samsung UE75U8000F 4K  ‏75 ‏אינטש
4K ‏55 ‏אינטש טלוויזיה Samsung QE55Q8F,2672.0,1252750,tvs,synthetic_duplicate,reorder,טלוויזיה Samsung QE55Q8F 4K  ‏55 ‏אינטש
טלוויזיה Samsung QE55Q8F 4K  ‏55 ‏אינטש White,2768.0,1252750,tvs,synthetic_duplicate,color_noise,טלוויזיה Samsung QE55Q8F 4K  ‏55 ‏אינטש
4K ‏65 ‏אינטש טלוויזיה Samsung QE65Q8F,2562.0,1252935,tvs,synthetic_duplicate,reorder,טלוויזיה Samsung QE65Q8F 4K  ‏65 ‏אינטש
מסך Samsung QE65Q8F 4K  ‏65 ‏אינטש,2784.0,1252935,tvs,synthetic_duplicate,add_prefix,טלוויזיה Samsung QE65Q8F 4K  ‏65 ‏אינטש
"טלוויזיה Samsung QE65Q8F 4K  ‏65 ‏""",3029.0,1252935,tvs,synthetic_duplicate,abbreviate,טלוויזיה Samsung QE65Q8F 4K  ‏65 ‏אינטש
מחשב נייד HP OMEN MAX 16-ah0013nj C2PY3EA בצבע לבן,7575.0,1253156,laptops,synthetic_duplicate,color_noise,מחשב נייד HP OMEN MAX 16-ah0013nj C2PY3EA
HP OMEN MAX 16-ah0013nj C2PY3EA,7105.0,1253156,laptops,synthetic_duplicate,drop_prefix,מחשב נייד HP OMEN MAX 16-ah0013nj C2PY3EA
טלפון סלולרי Apple iPhone 17 256GB Silver,2643.0,1253558,smartphones,synthetic_duplicate,color_noise,טלפון סלולרי Apple iPhone 17 256GB
טלוויזיה אל ג'י 75QNED93A6A 4K  ‏75 ‏אינטש,6055.0,1253612,tvs,synthetic_duplicate,brand_swap,טלוויזיה LG 75QNED93A6A 4K  ‏75 ‏אינטש
טלוויזיה LG 75QNED93A6A 4K  ‏75 ‏אינטש אחריות יבואן רשמי,6357.0,1253612,tvs,synthetic_duplicate,seller_noise,טלוויזיה LG 75QNED93A6A 4K  ‏75 ‏אינטש
טלוויזיה LG 75QNED93A6A 4K  ‏75 ‏אינטש בצבע לבן,6248.0,1253612,tvs,synthetic_duplicate,color_noise,טלוויזיה LG 75QNED93A6A 4K  ‏75 ‏אינטש
טלפון סלולרי Apple iPhone 17 Pro Max 256GB משלוח חינם,4355.0,1253615,smartphones,synthetic_duplicate,seller_noise,טלפון סלולרי Apple iPhone 17 Pro Max 256GB
טלפון חכם Apple iPhone 17 Pro Max 256GB,5227.0,1253615,smartphones,synthetic_duplicate,add_prefix,טלפון סלולרי Apple iPhone 17 Pro Max 256GB
סלולרי Apple iPhone 17 Pro 512GB,5705.0,1253617,smartphones,synthetic_duplicate,add_prefix,טלפון סלולרי Apple iPhone 17 Pro 512GB
Apple iPhone 17 Pro Max 512GB,6885.0,1253618,smartphones,synthetic_duplicate,drop_prefix,טלפון סלולרי Apple iPhone 17 Pro Max 512GB
טלפון סלולרי Apple iPhone 17 Pro Max 512GB Blue,5434.0,1253618,smartphones,synthetic_duplicate,color_noise,טלפון סלולרי Apple iPhone 17 Pro Max 512GB
טלפון סלולרי אפל iPhone 17 Pro 256GB,5363.0,1253628,smartphones,synthetic_duplicate,brand_swap,טלפון סלולרי Apple iPhone 17 Pro 256GB
סלולרי Apple iPhone 17 Pro 256GB,5595.0,1253628,smartphones,synthetic_duplicate,add_prefix,טלפון סלולרי Apple iPhone 17 Pro 256GB
טלפון סלולרי Samsung Galaxy S25 FE SM-S731B/DS 256GB 8GB RAM אחריות יבואן רשמי,1981.0,1253631,smartphones,synthetic_duplicate,seller_noise,טלפון סלולרי Samsung Galaxy S25 FE SM-S731B/DS 256GB 8GB RAM
טלפון סלולרי Samsung Galaxy S25 FE /DS 256GB 8GB RAM,1563.0,1253631,smartphones,synthetic_duplicate,drop_part,טלפון סלולרי Samsung Galaxy S25 FE SM-S731B/DS 256GB 8GB RAM
Samsung Galaxy S25 FE SM-S731B/DS 256GB 8GB RAM,1745.0,1253631,smartphones,synthetic_duplicate,drop_prefix,טלפון סלולרי Samsung Galaxy S25 FE SM-S731B/DS 256GB 8GB RAM
Luxe Pro ES701EU ‏מכונת אספרסו Ninja,2016.0,1254285,coffee_machines,synthetic_duplicate,reorder,‏מכונת אספרסו Ninja Luxe Pro ES701EU
‏מכונת אספרסו Ninja Luxe Pro ES701EU Black,2067.0,1254285,coffee_machines,synthetic_duplicate,color_noise,‏מכונת אספרסו Ninja Luxe Pro ES701EU
אוזניות  ‏אלחוטיות Apple AirPods Pro 3 MagSafe USB-C MFHP4ZM/A בצבע שחור,732.0,1254417,headphones,synthetic_duplicate,color_noise,אוזניות  ‏אלחוטיות Apple AirPods Pro 3 MagSafe USB-C MFHP4ZM/A
אוזניות  ‏אלחוטיות Apple AirPods Pro 3 MagSafe USB-C MFHP4ZM/A יבואן מורשה,995.0,1254417,headphones,synthetic_duplicate,seller_noise,אוזניות  ‏אלחוטיות Apple AirPods Pro 3 MagSafe USB-C MFHP4ZM/A
4K ‏43 ‏אינטש טלוויזיה Samsung QE43Q7F,1563.0,1254524,tvs,synthetic_duplicate,reorder,טלוויזיה Samsung QE43Q7F 4K  ‏43 ‏אינטש
"טלוויזיה Samsung QE43Q7F 4K  ‏43 ‏""",1253.0,1254524,tvs,synthetic_duplicate,abbreviate,טלוויזיה Samsung QE43Q7F 4K  ‏43 ‏אינטש
מחשב נייד אייץ' פי Victus 15-fa2011nj בצבע כסף מיקה C93FLEA,2893.0,1254725,laptops,synthetic_duplicate,brand_swap,מחשב נייד HP Victus 15-fa2011nj בצבע כסף מיקה C93FLEA
HP Victus 15-fa2011nj בצבע כסף מיקה C93FLEA,2810.0,1254725,laptops,synthetic_duplicate,drop_prefix,מחשב נייד HP Victus 15-fa2011nj בצבע כסף מיקה C93FLEA
15-fa2011nj בצבע כסף מיקה C93FLEA מחשב נייד HP Victus,3209.0,1254725,laptops,synthetic_duplicate,reorder,מחשב נייד HP Victus 15-fa2011nj בצבע כסף מיקה C93FLEA
טלוויזיה אל ג'י 43UA73006LA 4K  ‏43 ‏אינטש,1298.0,1254945,tvs,synthetic_duplicate,brand_swap,טלוויזיה LG 43UA73006LA 4K  ‏43 ‏אינטש
מסך LG 55UA73006LA 4K  ‏55 ‏אינטש,1690.0,1254949,tvs,synthetic_duplicate,add_prefix,טלוויזיה LG 55UA73006LA 4K  ‏55 ‏אינטש
טלוויזיה LG 55UA73006LA 4K  ‏55 ‏אינטש אחריות יבואן רשמי,1901.0,1254949,tvs,synthetic_duplicate,seller_noise,טלוויזיה LG 55UA73006LA 4K  ‏55 ‏אינטש
4K ‏55 ‏אינטש טלוויזיה LG 55UA73006LA,1757.0,1254949,tvs,synthetic_duplicate,reorder,טלוויזיה LG 55UA73006LA 4K  ‏55 ‏אינטש
"טלוויזיה LG OLED65CS5VA 4K  ‏65 ‏""",5523.0,1254951,tvs,synthetic_duplicate,abbreviate,טלוויזיה LG OLED65CS5VA 4K  ‏65 ‏אינטש
מחשב נייד Lenovo V14 83GU006HIV בצבע שחור,2102.0,1255712,laptops,synthetic_duplicate,color_noise,מחשב נייד Lenovo V14 83GU006HIV
Lenovo V14 83GU006HIV מחשב נייד,1852.0,1255712,laptops,synthetic_duplicate,reorder,מחשב נייד Lenovo V14 83GU006HIV
לפטופ Lenovo V14 83GU006HIV,1515.0,1255712,laptops,synthetic_duplicate,add_prefix,מחשב נייד Lenovo V14 83GU006HIV
טלפון חכם OnePlus 15 512GB 16GB RAM,2844.0,1256028,smartphones,synthetic_duplicate,add_prefix,טלפון סלולרי OnePlus 15 512GB 16GB RAM
טלפון סלולרי OnePlus 15 512GB 16GB RAM בצבע אפור,3427.0,1256028,smartphones,synthetic_duplicate,color_noise,טלפון סלולרי OnePlus 15 512GB 16GB RAM
לגיימרים Asus TUF Gaming F16 FX607VJB-RL144W בצבע שחור,4869.0,1256491,laptops,synthetic_duplicate,drop_prefix,מחשב נייד לגיימרים Asus TUF Gaming F16 FX607VJB-RL144W בצבע שחור
Gaming F16 FX607VJB-RL144W בצבע שחור מחשב נייד לגיימרים Asus TUF,5972.0,1256491,laptops,synthetic_duplicate,reorder,מחשב נייד לגיימרים Asus TUF Gaming F16 FX607VJB-RL144W בצבע שחור
מחשב נייד Dell Pro 15 Essential PV15250 PV15250-5005 אחריות יבואן רשמי,2349.0,1257971,laptops,synthetic_duplicate,seller_noise,מחשב נייד Dell Pro 15 Essential PV15250 PV15250-5005
Dell Pro 15 Essential PV15250 PV15250-5005,2538.0,1257971,laptops,synthetic_duplicate,drop_prefix,מחשב נייד Dell Pro 15 Essential PV15250 PV15250-5005
מחשב נייד אסוס TUF Gaming F16 FX607VJ-RL016,2549.0,1259201,laptops,synthetic_duplicate,brand_swap,מחשב נייד Asus TUF Gaming F16 FX607VJ-RL016
מחשב נייד Asus TUF Gaming F16 FX607VJ-RL016 בצבע אפור,3179.0,1259201,laptops,synthetic_duplicate,color_noise,מחשב נייד Asus TUF Gaming F16 FX607VJ-RL016
לפטופ Dell Pro 15 Essential PV15250-5118,2620.0,1260183,laptops,synthetic_duplicate,add_prefix,מחשב נייד Dell Pro 15 Essential PV15250-5118
Dell Pro 15 Essential PV15250-5118,2454.0,1260183,laptops,synthetic_duplicate,drop_prefix,מחשב נייד Dell Pro 15 Essential PV15250-5118
טלפון סלולרי Xiaomi Redmi Note 15 Pro Plus 512GB 12GB RAM בצבע אפור,1777.0,1260243,smartphones,synthetic_duplicate,color_noise,טלפון סלולרי Xiaomi Redmi Note 15 Pro Plus 512GB 12GB RAM
טלפון סלולרי Xiaomi Redmi Note 15 Pro Plus 512GB 12GB RAM DCS,1656.0,1260243,smartphones,synthetic_duplicate,seller_noise,טלפון סלולרי Xiaomi Redmi Note 15 Pro Plus 512GB 12GB RAM
טלפון סלולרי Samsung Galaxy S26 Ultra SM-S948B/DS 512GB 12GB RAM אחריות יבואן רשמי,5087.0,1262747,smartphones,synthetic_duplicate,seller_noise,טלפון סלולרי Samsung Galaxy S26 Ultra SM-S948B/DS 512GB 12GB RAM
טלפון סלולרי Samsung Galaxy S26 Ultra /DS 512GB 12GB RAM,5081.0,1262747,smartphones,synthetic_duplicate,drop_part,טלפון סלולרי Samsung Galaxy S26 Ultra SM-S948B/DS 512GB 12GB RAM
טלפון סלולרי Samsung Galaxy S26 U SM-S948B/DS 512GB 12GB RAM,4247.0,1262747,smartphones,synthetic_duplicate,abbreviate,טלפון סלולרי Samsung Galaxy S26 Ultra SM-S948B/DS 512GB 12GB RAM
טלפון סלולרי Samsung Galaxy S26 Ultra /DS 1TB 16GB RAM,6131.0,1262748,smartphones,synthetic_duplicate,drop_part,טלפון סלולרי Samsung Galaxy S26 Ultra SM-S948B/DS 1TB 16GB RAM
טלפון חכם Samsung Galaxy S26 Ultra SM-S948B/DS 1TB 16GB RAM,4762.0,1262748,smartphones,synthetic_duplicate,add_prefix,טלפון סלולרי Samsung Galaxy S26 Ultra SM-S948B/DS 1TB 16GB RAM
טלפון סלולרי Samsung Galaxy S26 Ultra SM-S948B/DS 1TB 16GB RAM בצבע שחור,5552.0,1262748,smartphones,synthetic_duplicate,color_noise,טלפון סלולרי Samsung Galaxy S26 Ultra SM-S948B/DS 1TB 16GB RAM
טלפון סלולרי Samsung Galaxy S26 U SM-S948B/DS 1TB 16GB RAM,5603.0,1262748,smartphones,synthetic_duplicate,abbreviate,טלפון סלולרי Samsung Galaxy S26 Ultra SM-S948B/DS 1TB 16GB RAM
טלפון סלולרי סמסונג Galaxy S26 Ultra SM-S948B/DS 256GB 12GB RAM,4300.0,1262749,smartphones,synthetic_duplicate,brand_swap,טלפון סלולרי Samsung Galaxy S26 Ultra SM-S948B/DS 256GB 12GB RAM
טלפון סלולרי Samsung Galaxy S26 U SM-S948B/DS 256GB 12GB RAM,3755.0,1262749,smartphones,synthetic_duplicate,abbreviate,טלפון סלולרי Samsung Galaxy S26 Ultra SM-S948B/DS 256GB 12GB RAM
טלפון סלולרי Samsung Galaxy S26 Ultra SM-S948B/DS 256GB 12GB RAM יבואן מורשה,3337.0,1262749,smartphones,synthetic_duplicate,seller_noise,טלפון סלולרי Samsung Galaxy S26 Ultra SM-S948B/DS 256GB 12GB RAM
Samsung Galaxy S26 Ultra SM-S948B/DS 256GB 12GB RAM,3810.0,1262749,smartphones,synthetic_duplicate,drop_prefix,טלפון סלולרי Samsung Galaxy S26 Ultra SM-S948B/DS 256GB 12GB RAM
מכשיר סלולרי Samsung Galaxy S26 SM-S942B/DS 256GB 12GB RAM,2915.0,1262750,smartphones,synthetic_duplicate,add_prefix,טלפון סלולרי Samsung Galaxy S26 SM-S942B/DS 256GB 12GB RAM
Samsung Galaxy S26 SM-S942B/DS 256GB 12GB RAM,2845.0,1262750,smartphones,synthetic_duplicate,drop_prefix,טלפון סלולרי Samsung Galaxy S26 SM-S942B/DS 256GB 12GB RAM
טלפון סלולרי סמסונג Galaxy S26 Plus SM-S947B/DS 256GB 12GB RAM,3535.0,1262751,smartphones,synthetic_duplicate,brand_swap,טלפון סלולרי Samsung Galaxy S26 Plus SM-S947B/DS 256GB 12GB RAM
מכונת אספרסו ‏מכונת אספרסו Ninja Luxe Cafe ES603,1711.0,1262788,coffee_machines,synthetic_duplicate,add_prefix,‏מכונת אספרסו Ninja Luxe Cafe ES603
אוזניות בלוטות' Samsung Galaxy Buds4 Pro SM-R640 True Wireless,672.0,1263110,headphones,synthetic_duplicate,add_prefix,אוזניות Samsung Galaxy Buds4 Pro SM-R640 True Wireless
Samsung Galaxy Buds4 Pro SM-R640 True Wireless,599.0,1263110,headphones,synthetic_duplicate,drop_prefix,אוזניות Samsung Galaxy Buds4 Pro SM-R640 True Wireless
אוזניות Samsung Galaxy Buds4 Pro SM-R640 TW,710.0,1263110,headphones,synthetic_duplicate,abbreviate,אוזניות Samsung Galaxy Buds4 Pro SM-R640 True Wireless
לפטופ Apple MacBook Air 13″ M5 ‎16GB 512GB Midnight (MDHE4HB/A),4724.0,1263226,laptops,synthetic_duplicate,add_prefix,מחשב נייד Apple MacBook Air 13″ M5 ‎16GB 512GB Midnight (MDHE4HB/A)
מחשב נייד אפל MacBook Air 13″ M5 ‎16GB 512GB Midnight (MDHE4HB/A),5007.0,1263226,laptops,synthetic_duplicate,brand_swap,מחשב נייד Apple MacBook Air 13″ M5 ‎16GB 512GB Midnight (MDHE4HB/A)
Apple MacBook Air 13″ M5 ‎16GB 512GB Midnight (MDHE4HB/A),4656.0,1263226,laptops,synthetic_duplicate,drop_prefix,מחשב נייד Apple MacBook Air 13″ M5 ‎16GB 512GB Midnight (MDHE4HB/A)
מחשב נייד Apple MacBook Neo 13 A18 Pro MHFC4HB/A MHFE4HB/A MHFG4HB/A MHFJ4HB/A Black,3251.0,1263241,laptops,synthetic_duplicate,color_noise,מחשב נייד Apple MacBook Neo 13 A18 Pro MHFC4HB/A MHFE4HB/A MHFG4HB/A MHFJ4HB/A
מחשב נייד Apple MacBook Neo 13 A18 Pro MHFA4HB/A MHFD4HB/A MHFF4HB/A MHFH4HB/A בצבע כחול,2318.0,1263242,laptops,synthetic_duplicate,color_noise,מחשב נייד Apple MacBook Neo 13 A18 Pro MHFA4HB/A MHFD4HB/A MHFF4HB/A MHFH4HB/A
