raw_title,price,model_id,category,sog,source_url,source_type
בושם לגבר Chanel Bleu De Chanel 100ml E.D.T,499.0,771483,בשמים לגבר,b-aftershave,https://www.zap.co.il/model.aspx?modelid=771483,comparison
השוואה ב-7 חנויות,,771483,בשמים לגבר,b-aftershave,https://www.zap.co.il/model.aspx?modelid=771483,comparison
השוואת מחירים,499.0,771483,בשמים לגבר,b-aftershave,https://www.zap.co.il/model.aspx?modelid=771483,comparison
בושם לגבר Chanel Bleu De Chanel E.D.P 100ml,615.0,894963,בשמים לגבר,b-aftershave,https://www.zap.co.il/model.aspx?modelid=894963,comparison
השוואה ב-7 חנויות,,894963,בשמים לגבר,b-aftershave,https://www.zap.co.il/model.aspx?modelid=894963,comparison
השוואת מחירים,615.0,894963,בשמים לגבר,b-aftershave,https://www.zap.co.il/model.aspx?modelid=894963,comparison
בושם לגבר Creed Aventus E.D.P 100ml,972.0,945948,בשמים לגבר,b-aftershave,https://www.zap.co.il/model.aspx?modelid=945948,comparison
השוואה ב-9 חנויות,,945948,בשמים לגבר,b-aftershave,https://www.zap.co.il/model.aspx?modelid=945948,comparison
השוואת מחירים,972.0,945948,בשמים לגבר,b-aftershave,https://www.zap.co.il/model.aspx?modelid=945948,comparison
בושם לגבר Chanel Bleu de Chanel E.D.P 150ml,710.0,969788,בשמים לגבר,b-aftershave,https://www.zap.co.il/model.aspx?modelid=969788,comparison
השוואה ב-7 חנויות,,969788,בשמים לגבר,b-aftershave,https://www.zap.co.il/model.aspx?modelid=969788,comparison
השוואת מחירים,710.0,969788,בשמים לגבר,b-aftershave,https://www.zap.co.il/model.aspx?modelid=969788,comparison
בושם לגבר Christian Dior Sauvage E.D.P 200ml,638.0,1033492,בשמים לגבר,b-aftershave,https://www.zap.co.il/model.aspx?modelid=1033492,comparison
השוואה ב-11 חנויות,,1033492,בשמים לגבר,b-aftershave,https://www.zap.co.il/model.aspx?modelid=1033492,comparison
השוואת מחירים,638.0,1033492,בשמים לגבר,b-aftershave,https://www.zap.co.il/model.aspx?modelid=1033492,comparison
בושם לגבר Montblanc Legend 100ml E.D.T,115.0,827130,בשמים לגבר,b-aftershave,https://www.zap.co.il/model.aspx?modelid=827130,comparison
השוואה ב-13 חנויות,,827130,בשמים לגבר,b-aftershave,https://www.zap.co.il/model.aspx?modelid=827130,comparison
השוואת מחירים,115.0,827130,בשמים לגבר,b-aftershave,https://www.zap.co.il/model.aspx?modelid=827130,comparison
בושם לגבר Gucci Intense Oud E.D.P 90ml,342.0,1014540,בשמים לגבר,b-aftershave,https://www.zap.co.il/model.aspx?modelid=1014540,comparison
השוואה ב-14 חנויות,,1014540,בשמים לגבר,b-aftershave,https://www.zap.co.il/model.aspx?modelid=1014540,comparison
השוואת מחירים,342.0,1014540,בשמים לגבר,b-aftershave,https://www.zap.co.il/model.aspx?modelid=1014540,comparison
בושם לגבר Yves Saint Laurent Y E.D.P 100ml,359.0,1022100,בשמים לגבר,b-aftershave,https://www.zap.co.il/model.aspx?modelid=1022100,comparison
השוואה ב-11 חנויות,,1022100,בשמים לגבר,b-aftershave,https://www.zap.co.il/model.aspx?modelid=1022100,comparison
השוואת מחירים,359.0,1022100,בשמים לגבר,b-aftershave,https://www.zap.co.il/model.aspx?modelid=1022100,comparison
בושם לגבר Yves Saint Laurent MYSLF E.D.P 100ml,362.0,1206928,בשמים לגבר,b-aftershave,https://www.zap.co.il/model.aspx?modelid=1206928,comparison
השוואה ב-11 חנויות,,1206928,בשמים לגבר,b-aftershave,https://www.zap.co.il/model.aspx?modelid=1206928,comparison
השוואת מחירים,362.0,1206928,בשמים לגבר,b-aftershave,https://www.zap.co.il/model.aspx?modelid=1206928,comparison
בושם לגבר Nishane Nefs E.D.P 50ml,569.0,1121834,בשמים לגבר,b-aftershave,https://www.zap.co.il/model.aspx?modelid=1121834,comparison
השוואה ב-7 חנויות,,1121834,בשמים לגבר,b-aftershave,https://www.zap.co.il/model.aspx?modelid=1121834,comparison
השוואת מחירים,569.0,1121834,בשמים לגבר,b-aftershave,https://www.zap.co.il/model.aspx?modelid=1121834,comparison
בושם לגבר Giorgio Armani Stronger With You E.D.T 100ml,255.0,950373,בשמים לגבר,b-aftershave,https://www.zap.co.il/model.aspx?modelid=950373,comparison
השוואה ב-11 חנויות,,950373,בשמים לגבר,b-aftershave,https://www.zap.co.il/model.aspx?modelid=950373,comparison
השוואת מחירים,255.0,950373,בשמים לגבר,b-aftershave,https://www.zap.co.il/model.aspx?modelid=950373,comparison
בושם לגבר Montblanc Explorer E.D.P 100ml,156.0,1019364,בשמים לגבר,b-aftershave,https://www.zap.co.il/model.aspx?modelid=1019364,comparison
השוואה ב-11 חנויות,,1019364,בשמים לגבר,b-aftershave,https://www.zap.co.il/model.aspx?modelid=1019364,comparison
השוואת מחירים,156.0,1019364,בשמים לגבר,b-aftershave,https://www.zap.co.il/model.aspx?modelid=1019364,comparison
בושם לגבר Jean Paul Gaultier Le Beau E.D.P Intense 125ml,389.0,1242099,בשמים לגבר,b-aftershave,https://shop.zap.co.il/product-model?offerid=23036047&storeid=3888&modelid=1242099,zapstore
קנו עכשיו,389.0,1242099,בשמים לגבר,b-aftershave,https://shop.zap.co.il/product-model?offerid=23036047&storeid=3888&modelid=1242099,zapstore
"סובאג' אדפ לגבר 200 מ""ל - כריסטיאן דיור - Christian Dior - Sauvage EDP For Men 200ML",759.0,1033492,בשמים לגבר,b-aftershave,https://shop.zap.co.il/product-model?offerid=23060151&storeid=6041&modelid=1033492,zapstore
קנו עכשיו,759.0,1033492,בשמים לגבר,b-aftershave,https://shop.zap.co.il/product-model?offerid=23060151&storeid=6041&modelid=1033492,zapstore
"אקווה דה ג'יאו פרופונדו אדפ לגבר 100 מ""ל - ג'ורג'יו ארמני - Giorgio Armani - Acqua Di Gio Profondo EDP For Men 100ML",389.0,1242558,בשמים לגבר,b-aftershave,https://shop.zap.co.il/product-model?offerid=23060463&storeid=6041&modelid=1242558,zapstore
קנו עכשיו,389.0,1242558,בשמים לגבר,b-aftershave,https://shop.zap.co.il/product-model?offerid=23060463&storeid=6041&modelid=1242558,zapstore
"Giorgio Armani Acqua Di Gio EDT 200 ML ג'ורג'יו ארמני אקווה דה ג'יאו אדט לגבר 200 מ""ל",590.0,686320,בשמים לגבר,b-aftershave,https://shop.zap.co.il/product-model?offerid=23083753&storeid=2790&modelid=686320,zapstore
קנו עכשיו,590.0,686320,בשמים לגבר,b-aftershave,https://shop.zap.co.il/product-model?offerid=23083753&storeid=2790&modelid=686320,zapstore
"Yves Saint Laurent Y Eau De Parfum Spray 100 ml איב סאן לורן וואי אדפ לגבר 100 מ""ל",399.0,1022100,בשמים לגבר,b-aftershave,https://shop.zap.co.il/product-model?offerid=23071738&storeid=2790&modelid=1022100,zapstore
קנו עכשיו,399.0,1022100,בשמים לגבר,b-aftershave,https://shop.zap.co.il/product-model?offerid=23071738&storeid=2790&modelid=1022100,zapstore
"אומברה לדר אדפ יוניסקס 100 מ""ל - טום פורד - Tom Ford - Ombre Leather EDP Unisex 100ML",559.0,1000167,בשמים לגבר,b-aftershave,https://shop.zap.co.il/product-model?offerid=23059667&storeid=6041&modelid=1000167,zapstore
קנו עכשיו,559.0,1000167,בשמים לגבר,b-aftershave,https://shop.zap.co.il/product-model?offerid=23059667&storeid=6041&modelid=1000167,zapstore
בושם לגבר Valentino Uomo Born In Roma E.D.T 100ml,339.0,1102279,בשמים לגבר,b-aftershave,https://shop.zap.co.il/product-model?offerid=23036048&storeid=3888&modelid=1102279,zapstore
קנו עכשיו,339.0,1102279,בשמים לגבר,b-aftershave,https://shop.zap.co.il/product-model?offerid=23036048&storeid=3888&modelid=1102279,zapstore
"בלאק אורכיד אדפ יוניסקס 100 מ""ל - טום פורד - Tom Ford - Black Orchid EDP Unisex 100ML",469.0,886130,בשמים לגבר,b-aftershave,https://shop.zap.co.il/product-model?offerid=23059983&storeid=6041&modelid=886130,zapstore
קנו עכשיו,469.0,886130,בשמים לגבר,b-aftershave,https://shop.zap.co.il/product-model?offerid=23059983&storeid=6041&modelid=886130,zapstore
"Montblanc Legend EDT 100 ML מונט בלאנק לג'נד אדט לגבר 100 מ""ל",169.0,827130,בשמים לגבר,b-aftershave,https://shop.zap.co.il/product-model?offerid=22955542&storeid=2790&modelid=827130,zapstore
קנו עכשיו,169.0,827130,בשמים לגבר,b-aftershave,https://shop.zap.co.il/product-model?offerid=22955542&storeid=2790&modelid=827130,zapstore
"Sospiro Vibrato Unisex Eau De Parfum Spray 100 ml סוספירו ויברטו אדפ יוניסקס 100 מ""ל",645.0,1215489,בשמים לגבר,b-aftershave,https://shop.zap.co.il/product-model?offerid=23052504&storeid=2790&modelid=1215489,zapstore
קנו עכשיו,645.0,1215489,בשמים לגבר,b-aftershave,https://shop.zap.co.il/product-model?offerid=23052504&storeid=2790&modelid=1215489,zapstore
"לה מאל אליקסיר פרפיום לגבר 125 מ""ל - ז'אן פול גוטייה - Jean Paul Gaultier - Le Male Elixir Parfum For Men 125ML",389.0,1217468,בשמים לגבר,b-aftershave,https://shop.zap.co.il/product-model?offerid=23060234&storeid=6041&modelid=1217468,zapstore
קנו עכשיו,389.0,1217468,בשמים לגבר,b-aftershave,https://shop.zap.co.il/product-model?offerid=23060234&storeid=6041&modelid=1217468,zapstore
"סטרונגר וויט יו אדט לגבר 100 מ""ל - ג'ורג'יו ארמני - Giorgio Armani - Stronger With You EDT For Men 100ML",299.0,950373,בשמים לגבר,b-aftershave,https://shop.zap.co.il/product-model?offerid=23060511&storeid=6041&modelid=950373,zapstore
קנו עכשיו,299.0,950373,בשמים לגבר,b-aftershave,https://shop.zap.co.il/product-model?offerid=23060511&storeid=6041&modelid=950373,zapstore
בושם לגבר Givenchy Pi E.D.T 100ml,180.0,1138734,בשמים לגבר,b-aftershave,https://www.zap.co.il/model.aspx?modelid=1138734,comparison
השוואה ב-12 חנויות,,1138734,בשמים לגבר,b-aftershave,https://www.zap.co.il/model.aspx?modelid=1138734,comparison
השוואת מחירים,180.0,1138734,בשמים לגבר,b-aftershave,https://www.zap.co.il/model.aspx?modelid=1138734,comparison
בושם לגבר Boucheron Jaipur Homme E.D.P 100ml,125.0,889231,בשמים לגבר,b-aftershave,https://www.zap.co.il/model.aspx?modelid=889231,comparison
השוואה ב-13 חנויות,,889231,בשמים לגבר,b-aftershave,https://www.zap.co.il/model.aspx?modelid=889231,comparison
השוואת מחירים,125.0,889231,בשמים לגבר,b-aftershave,https://www.zap.co.il/model.aspx?modelid=889231,comparison
בושם לגבר Tom Ford Ombre Leather E.D.P 100ml,470.0,1001824,בשמים לגבר,b-aftershave,https://www.zap.co.il/model.aspx?modelid=1001824,comparison
השוואה ב-10 חנויות,,1001824,בשמים לגבר,b-aftershave,https://www.zap.co.il/model.aspx?modelid=1001824,comparison
השוואת מחירים,470.0,1001824,בשמים לגבר,b-aftershave,https://www.zap.co.il/model.aspx?modelid=1001824,comparison
בושם לגבר Armaf Club De Nuit Intense E.D.T 105ml,74.0,996265,בשמים לגבר,b-aftershave,https://www.zap.co.il/model.aspx?modelid=996265,comparison
השוואה ב-11 חנויות,,996265,בשמים לגבר,b-aftershave,https://www.zap.co.il/model.aspx?modelid=996265,comparison
השוואת מחירים,74.0,996265,בשמים לגבר,b-aftershave,https://www.zap.co.il/model.aspx?modelid=996265,comparison
בושם לגבר Giorgio Armani Armani Code E.D.T 125ml,299.0,827913,בשמים לגבר,b-aftershave,https://www.zap.co.il/model.aspx?modelid=827913,comparison
השוואה ב-11 חנויות,,827913,בשמים לגבר,b-aftershave,https://www.zap.co.il/model.aspx?modelid=827913,comparison
השוואת מחירים,299.0,827913,בשמים לגבר,b-aftershave,https://www.zap.co.il/model.aspx?modelid=827913,comparison
בושם לגבר Carolina Herrera 212 Vip E.D.T 100ml,208.0,804626,בשמים לגבר,b-aftershave,https://www.zap.co.il/model.aspx?modelid=804626,comparison
השוואה ב-12 חנויות,,804626,בשמים לגבר,b-aftershave,https://www.zap.co.il/model.aspx?modelid=804626,comparison
השוואת מחירים,208.0,804626,בשמים לגבר,b-aftershave,https://www.zap.co.il/model.aspx?modelid=804626,comparison
בושם לגבר Versace Eros E.D.T 100ml,189.0,846242,בשמים לגבר,b-aftershave,https://www.zap.co.il/model.aspx?modelid=846242,comparison
השוואה ב-11 חנויות,,846242,בשמים לגבר,b-aftershave,https://www.zap.co.il/model.aspx?modelid=846242,comparison
השוואת מחירים,189.0,846242,בשמים לגבר,b-aftershave,https://www.zap.co.il/model.aspx?modelid=846242,comparison
בושם לגבר Lattafa Pride Of Lattafa Silver Fakhar E.D.P 100ml,74.0,1097383,בשמים לגבר,b-aftershave,https://www.zap.co.il/model.aspx?modelid=1097383,comparison
השוואה ב-12 חנויות,,1097383,בשמים לגבר,b-aftershave,https://www.zap.co.il/model.aspx?modelid=1097383,comparison
השוואת מחירים,74.0,1097383,בשמים לגבר,b-aftershave,https://www.zap.co.il/model.aspx?modelid=1097383,comparison
בושם לגבר Jimmy Choo Intense E.D.T 200ml,199.0,1071842,בשמים לגבר,b-aftershave,https://www.zap.co.il/model.aspx?modelid=1071842,comparison
השוואה ב-12 חנויות,,1071842,בשמים לגבר,b-aftershave,https://www.zap.co.il/model.aspx?modelid=1071842,comparison
השוואת מחירים,199.0,1071842,בשמים לגבר,b-aftershave,https://www.zap.co.il/model.aspx?modelid=1071842,comparison
בושם לגבר Christian Dior Sauvage Elixir E.D.P 100ml,779.0,1217017,בשמים לגבר,b-aftershave,https://www.zap.co.il/model.aspx?modelid=1217017,comparison
השוואה ב-11 חנויות,,1217017,בשמים לגבר,b-aftershave,https://www.zap.co.il/model.aspx?modelid=1217017,comparison
השוואת מחירים,779.0,1217017,בשמים לגבר,b-aftershave,https://www.zap.co.il/model.aspx?modelid=1217017,comparison
בושם לגבר Valentino Uomo Born In Roma E.D.T 100ml,339.0,1102279,בשמים לגבר,b-aftershave,https://www.zap.co.il/model.aspx?modelid=1102279,comparison
השוואה ב-9 חנויות,,1102279,בשמים לגבר,b-aftershave,https://www.zap.co.il/model.aspx?modelid=1102279,comparison
השוואת מחירים,339.0,1102279,בשמים לגבר,b-aftershave,https://www.zap.co.il/model.aspx?modelid=1102279,comparison
בושם לגבר Prada Luna Rossa Carbon E.D.T 100ml,245.0,969047,בשמים לגבר,b-aftershave,https://www.zap.co.il/model.aspx?modelid=969047,comparison
השוואה ב-12 חנויות,,969047,בשמים לגבר,b-aftershave,https://www.zap.co.il/model.aspx?modelid=969047,comparison
השוואת מחירים,245.0,969047,בשמים לגבר,b-aftershave,https://www.zap.co.il/model.aspx?modelid=969047,comparison
"Jimmy Choo Man Intense Men EDT 200 ML בושם לגבר גימי צו אינטנס א.ד.ט 200 מ""ל",279.0,1071842,בשמים לגבר,,https://www.zap.co.il/model.aspx?modelid=1071842,store_variant
בושם לגבר ג'ימי צ'ו JIMMY CHOO INTENSE 200 ML E.D.T,199.0,1071842,בשמים לגבר,,https://www.zap.co.il/model.aspx?modelid=1071842,store_variant
בושם לגבר גימי צו אינטנס 200 מל - Jimmy Choo Man Intense EDT 200 ml,214.0,1071842,בשמים לגבר,,https://www.zap.co.il/model.aspx?modelid=1071842,store_variant
בושם לגבר Jimmy Choo Intense E.D.T 200ml,215.0,1071842,בשמים לגבר,,https://www.zap.co.il/model.aspx?modelid=1071842,store_variant
ג׳ימי צ׳ו אינטנס לגבר גודל ענק 200 מל א.ד.ט Jimmy Choo Men Intense 200 ml e.d.t,224.0,1071842,בשמים לגבר,,https://www.zap.co.il/model.aspx?modelid=1071842,store_variant
"ג'ימי צ'ו אינטנס אדט לגבר 200 מ""ל - ג'ימי צ'ו - Jimmy Choo - Intense EDT For Men 200ML",229.0,1071842,בשמים לגבר,,https://www.zap.co.il/model.aspx?modelid=1071842,store_variant
Jimmy Choo - Intense EDT For Men 200ML,262.0,1071842,בשמים לגבר,,https://www.zap.co.il/model.aspx?modelid=1071842,store_variant
JIMMY CHOO MAN INTENSE BY JIMMY CHOO 200ML EDT,278.0,1071842,בשמים לגבר,,https://www.zap.co.il/model.aspx?modelid=1071842,store_variant
Jimmy Choo Man Intense by Jimmy Choo Eau De Toilette Spray for Men 200 ml,358.0,1071842,בשמים לגבר,,https://www.zap.co.il/model.aspx?modelid=1071842,store_variant
"Montblanc Legend EDT 100 ML מונט בלאנק לגנד אדט לגבר 100 מ""ל",179.0,827130,בשמים לגבר,,https://www.zap.co.il/model.aspx?modelid=827130,store_variant
בושם לגבר מונט בלאנק MONT BLANC LEGEND 100 ML E.D.T,115.0,827130,בשמים לגבר,,https://www.zap.co.il/model.aspx?modelid=827130,store_variant
בושם לגבר 100 מ''ל Mont Blanc Legend או דה טואלט E.D.T,137.0,827130,בשמים לגבר,,https://www.zap.co.il/model.aspx?modelid=827130,store_variant
"לג'נד אדט לגבר 100 מ""ל - מונט בלאנק - Mont Blanc - Legend EDT For Men 100ML",149.0,827130,בשמים לגבר,,https://www.zap.co.il/model.aspx?modelid=827130,store_variant
בושם לגבר Montblanc Legend 100ml E.D.T,154.0,827130,בשמים לגבר,,https://www.zap.co.il/model.aspx?modelid=827130,store_variant
"בושם לגבר מונטבלאנק לגנד 100 מ""ל Montblanc Legend 100ml E.D.T",158.0,827130,בשמים לגבר,,https://www.zap.co.il/model.aspx?modelid=827130,store_variant
"מונבלאם לג'נד א.ד.ט 100 מ""ל לגבר MONTBLANC",160.0,827130,בשמים לגבר,,https://www.zap.co.il/model.aspx?modelid=827130,store_variant
"Montblanc Legend EDT 100 ML מונט בלאנק לג'נד אדט לגבר 100 מ""ל",169.0,827130,בשמים לגבר,,https://www.zap.co.il/model.aspx?modelid=827130,store_variant
Mont Blanc - Legend EDT For Men 100ML,174.0,827130,בשמים לגבר,,https://www.zap.co.il/model.aspx?modelid=827130,store_variant
LEGEND BY MONT BLANC 100ML EDT,178.0,827130,בשמים לגבר,,https://www.zap.co.il/model.aspx?modelid=827130,store_variant
Montblanc Legend by Mont Blanc Eau De Toilette Spray for Men 100 ml,262.0,827130,בשמים לגבר,,https://www.zap.co.il/model.aspx?modelid=827130,store_variant
"טסטר מונבלאן לג'נד (ג) אדט 100 מ""ל",124.0,827130,בשמים לגבר,,https://www.zap.co.il/model.aspx?modelid=827130,store_variant
"מונט בלאנק לג'נד א.ד.ט 100 מ""ל -אריזת טסטר לגבר MONT BLANC LEGEND",140.0,827130,בשמים לגבר,,https://www.zap.co.il/model.aspx?modelid=827130,store_variant
"בושם לגבר מונטבלאנק באריזת טסטר לגנד 100 מ""ל Montblanc Legend 100ml E.D.T TESTER",148.0,827130,בשמים לגבר,,https://www.zap.co.il/model.aspx?modelid=827130,store_variant
Montblanc Legend by Mont Blanc Eau De Toilette Spray (Tester) for Men 100 ml,214.0,827130,בשמים לגבר,,https://www.zap.co.il/model.aspx?modelid=827130,store_variant
Creed Aventus EDP 100 ml קריד אוונטוס א.ד.פ 100 מ״ל בושם לגבר,1267.0,945948,בשמים לגבר,,https://www.zap.co.il/model.aspx?modelid=945948,store_variant
Creed Aventus edp 100ml,972.0,945948,בשמים לגבר,,https://www.zap.co.il/model.aspx?modelid=945948,store_variant
קריד אוונטוס לגבר 100 מל אדפ - Creed Aventus E.D.P 100ml,989.0,945948,בשמים לגבר,,https://www.zap.co.il/model.aspx?modelid=945948,store_variant
בושם לגבר Creed Aventus E.D.P 100ml,999.0,945948,בשמים לגבר,,https://www.zap.co.il/model.aspx?modelid=945948,store_variant
"בושם לגבר Creed Aventus E.D.P 100ml מק""ט 3508441001114",1048.0,945948,בשמים לגבר,,https://www.zap.co.il/model.aspx?modelid=945948,store_variant
"קריד אבנטוס יוניסקס א.ד.פ 100 מ""ל CREED AVENTUS 100 ML",1055.0,945948,בשמים לגבר,,https://www.zap.co.il/model.aspx?modelid=945948,store_variant
Aventus by Creed Eau De Parfum Spray for Men 100 ml,2592.0,945948,בשמים לגבר,,https://www.zap.co.il/model.aspx?modelid=945948,store_variant
"טסטר קריד אוונטוס לגבר אדפ 100 מ""ל",834.0,945948,בשמים לגבר,,https://www.zap.co.il/model.aspx?modelid=945948,store_variant
מכונת קפה DeLonghi EC9155.W,2229.0,1155620,מכונות קפה,e-coffeemachine,https://shop.zap.co.il/product-model?offerid=23036433&storeid=2269&modelid=1155620,zapstore
קנו ב-zapstore,2229.0,1155620,מכונות קפה,e-coffeemachine,https://shop.zap.co.il/product-model?offerid=23036433&storeid=2269&modelid=1155620,zapstore
מכונת קפה Essenza Mini EN85L נספרסו Nespresso צבע ליים,359.0,2309,מכונות קפה,e-coffeemachine,https://shop.zap.co.il/product-model?offerid=23044992&storeid=2309&modelid=2309_951399_8842820681729_ליים,zapstore
קנו ב-zapstore,359.0,2309,מכונות קפה,e-coffeemachine,https://shop.zap.co.il/product-model?offerid=23044992&storeid=2309&modelid=2309_951399_8842820681729_ליים,zapstore
מכונת קפה Ninja Luxe Essential ES601EU,1549.0,2541,מכונות קפה,e-coffeemachine,https://shop.zap.co.il/product-model?offerid=22869987&storeid=2541&modelid=2541_ES601EU,zapstore
קנו ב-zapstore,1549.0,2541,מכונות קפה,e-coffeemachine,https://shop.zap.co.il/product-model?offerid=22869987&storeid=2541&modelid=2541_ES601EU,zapstore
‏מכונת אספרסו Ninja Luxe Pro ES701EU,1959.0,1254285,מכונות קפה,e-coffeemachine,https://www.zap.co.il/model.aspx?modelid=1254285,comparison
השוואה ב-5 חנויות,,1254285,מכונות קפה,e-coffeemachine,https://www.zap.co.il/model.aspx?modelid=1254285,comparison
השוואת מחירים,1959.0,1254285,מכונות קפה,e-coffeemachine,https://www.zap.co.il/model.aspx?modelid=1254285,comparison
‏מכונת אספרסו Delonghi La Specialista Arte EC9155,2004.0,1155620,מכונות קפה,e-coffeemachine,https://www.zap.co.il/model.aspx?modelid=1155620,comparison
השוואה ב-34 חנויות,,1155620,מכונות קפה,e-coffeemachine,https://www.zap.co.il/model.aspx?modelid=1155620,comparison
השוואת מחירים,2004.0,1155620,מכונות קפה,e-coffeemachine,https://www.zap.co.il/model.aspx?modelid=1155620,comparison
‏מכונת אספרסו Nespresso Delonghi Essenza Mini D30 EN85,354.0,951399,מכונות קפה,e-coffeemachine,https://www.zap.co.il/model.aspx?modelid=951399,comparison
השוואה ב-23 חנויות,,951399,מכונות קפה,e-coffeemachine,https://www.zap.co.il/model.aspx?modelid=951399,comparison
השוואת מחירים,354.0,951399,מכונות קפה,e-coffeemachine,https://www.zap.co.il/model.aspx?modelid=951399,comparison
‏מכונת אספרסו Ninja Luxe Essential ES601EU,1509.0,1248076,מכונות קפה,e-coffeemachine,https://www.zap.co.il/model.aspx?modelid=1248076,comparison
השוואה ב-31 חנויות,,1248076,מכונות קפה,e-coffeemachine,https://www.zap.co.il/model.aspx?modelid=1248076,comparison
השוואת מחירים,1509.0,1248076,מכונות קפה,e-coffeemachine,https://www.zap.co.il/model.aspx?modelid=1248076,comparison
‏מכונת אספרסו Nespresso Essenza Mini C30,510.0,951669,מכונות קפה,e-coffeemachine,https://www.zap.co.il/model.aspx?modelid=951669,comparison
השוואה ב-5 חנויות,,951669,מכונות קפה,e-coffeemachine,https://www.zap.co.il/model.aspx?modelid=951669,comparison
השוואת מחירים,510.0,951669,מכונות קפה,e-coffeemachine,https://www.zap.co.il/model.aspx?modelid=951669,comparison
‏מכונת אספרסו Breville BES878,2953.0,1068710,מכונות קפה,e-coffeemachine,https://www.zap.co.il/model.aspx?modelid=1068710,comparison
השוואה ב-24 חנויות,,1068710,מכונות קפה,e-coffeemachine,https://www.zap.co.il/model.aspx?modelid=1068710,comparison
השוואת מחירים,2953.0,1068710,מכונות קפה,e-coffeemachine,https://www.zap.co.il/model.aspx?modelid=1068710,comparison
‏מכונת אספרסו Delonghi Dedica Arte EC885,897.0,1200012,מכונות קפה,e-coffeemachine,https://www.zap.co.il/model.aspx?modelid=1200012,comparison
השוואה ב-24 חנויות,,1200012,מכונות קפה,e-coffeemachine,https://www.zap.co.il/model.aspx?modelid=1200012,comparison
השוואת מחירים,897.0,1200012,מכונות קפה,e-coffeemachine,https://www.zap.co.il/model.aspx?modelid=1200012,comparison
‏מכונת אספרסו Breville BES875BSS,2393.0,1126869,מכונות קפה,e-coffeemachine,https://www.zap.co.il/model.aspx?modelid=1126869,comparison
השוואה ב-17 חנויות,,1126869,מכונות קפה,e-coffeemachine,https://www.zap.co.il/model.aspx?modelid=1126869,comparison
השוואת מחירים,2393.0,1126869,מכונות קפה,e-coffeemachine,https://www.zap.co.il/model.aspx?modelid=1126869,comparison
‏מכונת אספרסו Nespresso Inissia EN 80,343.0,1087191,מכונות קפה,e-coffeemachine,https://www.zap.co.il/model.aspx?modelid=1087191,comparison
השוואה ב-16 חנויות,,1087191,מכונות קפה,e-coffeemachine,https://www.zap.co.il/model.aspx?modelid=1087191,comparison
השוואת מחירים,343.0,1087191,מכונות קפה,e-coffeemachine,https://www.zap.co.il/model.aspx?modelid=1087191,comparison
‏מכונת אספרסו Nespresso Citiz&Milk EN267,776.0,1127066,מכונות קפה,e-coffeemachine,https://www.zap.co.il/model.aspx?modelid=1127066,comparison
השוואה ב-12 חנויות,,1127066,מכונות קפה,e-coffeemachine,https://www.zap.co.il/model.aspx?modelid=1127066,comparison
השוואת מחירים,776.0,1127066,מכונות קפה,e-coffeemachine,https://www.zap.co.il/model.aspx?modelid=1127066,comparison
‏מכונת אספרסו Ninja Luxe Cafe ES603,1842.0,1262788,מכונות קפה,e-coffeemachine,https://www.zap.co.il/model.aspx?modelid=1262788,comparison
השוואה ב-20 חנויות,,1262788,מכונות קפה,e-coffeemachine,https://www.zap.co.il/model.aspx?modelid=1262788,comparison
השוואת מחירים,1842.0,1262788,מכונות קפה,e-coffeemachine,https://www.zap.co.il/model.aspx?modelid=1262788,comparison
‏מכונת אספרסו Delonghi ECAM21.117,1374.0,992748,מכונות קפה,e-coffeemachine,https://www.zap.co.il/model.aspx?modelid=992748,comparison
השוואה ב-18 חנויות,,992748,מכונות קפה,e-coffeemachine,https://www.zap.co.il/model.aspx?modelid=992748,comparison
השוואת מחירים,1374.0,992748,מכונות קפה,e-coffeemachine,https://www.zap.co.il/model.aspx?modelid=992748,comparison
קנו עכשיו,359.0,2309,מכונות קפה,e-coffeemachine,https://shop.zap.co.il/product-model?offerid=23044992&storeid=2309&modelid=2309_951399_8842820681729_ליים,zapstore
Delonghi מכונת קפה DeLonghi EC9155.W,2229.0,1155620,מכונות קפה,e-coffeemachine,https://shop.zap.co.il/product-model?offerid=23036433&storeid=2269&modelid=1155620,zapstore
קנו עכשיו,2229.0,1155620,מכונות קפה,e-coffeemachine,https://shop.zap.co.il/product-model?offerid=23036433&storeid=2269&modelid=1155620,zapstore
‏מכונת אספרסו Breville BES875BSS ברוויל,2930.0,1126869,מכונות קפה,e-coffeemachine,https://shop.zap.co.il/product-model?offerid=22649247&storeid=2799&modelid=1126869,zapstore
קנו עכשיו,2930.0,1126869,מכונות קפה,e-coffeemachine,https://shop.zap.co.il/product-model?offerid=22649247&storeid=2799&modelid=1126869,zapstore
מכונת קפה Ninja Luxe Essential ES601EU,1799.0,1248076,מכונות קפה,e-coffeemachine,https://shop.zap.co.il/product-model?offerid=23014518&storeid=2309&modelid=1248076,zapstore
קנו עכשיו,1799.0,1248076,מכונות קפה,e-coffeemachine,https://shop.zap.co.il/product-model?offerid=23014518&storeid=2309&modelid=1248076,zapstore
מכונת אספרסו Breville BES878 יבואן רשמי,3588.0,1068710,מכונות קפה,e-coffeemachine,https://shop.zap.co.il/product-model?offerid=22997459&storeid=3824&modelid=1068710,zapstore
קנו עכשיו,3588.0,1068710,מכונות קפה,e-coffeemachine,https://shop.zap.co.il/product-model?offerid=22997459&storeid=3824&modelid=1068710,zapstore
מכונת קפה Nespresso נספרסו +מקציף Citiz&Milk EN267 שחור,777.0,1127066,מכונות קפה,e-coffeemachine,https://shop.zap.co.il/product-model?offerid=23009022&storeid=2309&modelid=1127066,zapstore
קנו עכשיו,777.0,1127066,מכונות קפה,e-coffeemachine,https://shop.zap.co.il/product-model?offerid=23009022&storeid=2309&modelid=1127066,zapstore
‏מכונת אספרסו Nespresso Inissia EN 80 נספרסו,499.0,1087191,מכונות קפה,e-coffeemachine,https://shop.zap.co.il/product-model?offerid=22993073&storeid=2799&modelid=1087191,zapstore
קנו עכשיו,499.0,1087191,מכונות קפה,e-coffeemachine,https://shop.zap.co.il/product-model?offerid=22993073&storeid=2799&modelid=1087191,zapstore
‏מכונת אספרסו Delonghi Dedica Arte EC885 דה לונגי,920.0,1200012,מכונות קפה,e-coffeemachine,https://shop.zap.co.il/product-model?offerid=22665176&storeid=2799&modelid=1200012,zapstore
קנו עכשיו,920.0,1200012,מכונות קפה,e-coffeemachine,https://shop.zap.co.il/product-model?offerid=22665176&storeid=2799&modelid=1200012,zapstore
מכונת קפה Ninja Luxe Essential ES501EU,1390.0,2541,מכונות קפה,e-coffeemachine,https://shop.zap.co.il/product-model?offerid=22780197&storeid=2541&modelid=2541_Ninja_Luxe_Essential_ES501EU,zapstore
קנו עכשיו,1390.0,2541,מכונות קפה,e-coffeemachine,https://shop.zap.co.il/product-model?offerid=22780197&storeid=2541&modelid=2541_Ninja_Luxe_Essential_ES501EU,zapstore
מכונת אספרסו Delonghi ECAM21.117.B,1379.0,1232360,מכונות קפה,e-coffeemachine,https://shop.zap.co.il/product-model?offerid=22826041&storeid=3842&modelid=1232360,zapstore
קנו עכשיו,1379.0,1232360,מכונות קפה,e-coffeemachine,https://shop.zap.co.il/product-model?offerid=22826041&storeid=3842&modelid=1232360,zapstore
Nespresso מכונת קפה NESPRESSO CREATISTA PLUS נספרסו דגם J520-IL-ME-NE פלוס,1789.0,961499,מכונות קפה,e-coffeemachine,https://shop.zap.co.il/product-model?offerid=22799214&storeid=3826&modelid=961499,zapstore
קנו עכשיו,1789.0,961499,מכונות קפה,e-coffeemachine,https://shop.zap.co.il/product-model?offerid=22799214&storeid=3826&modelid=961499,zapstore
‏מכונת אספרסו Delonghi Rivelia EXAM440.55,3498.0,1226172,מכונות קפה,e-coffeemachine,https://www.zap.co.il/model.aspx?modelid=1226172,comparison
השוואה ב-19 חנויות,,1226172,מכונות קפה,e-coffeemachine,https://www.zap.co.il/model.aspx?modelid=1226172,comparison
השוואת מחירים,3498.0,1226172,מכונות קפה,e-coffeemachine,https://www.zap.co.il/model.aspx?modelid=1226172,comparison
‏מכונת אספרסו Gaggia Besana,1080.0,1030241,מכונות קפה,e-coffeemachine,https://www.zap.co.il/model.aspx?modelid=1030241,comparison
השוואה ב-18 חנויות,,1030241,מכונות קפה,e-coffeemachine,https://www.zap.co.il/model.aspx?modelid=1030241,comparison
השוואת מחירים,1080.0,1030241,מכונות קפה,e-coffeemachine,https://www.zap.co.il/model.aspx?modelid=1030241,comparison
‏מקציף חלב Hemilton HEM-243,151.0,1121265,מכונות קפה,e-coffeemachine,https://www.zap.co.il/model.aspx?modelid=1121265,comparison
השוואה ב-15 חנויות,,1121265,מכונות קפה,e-coffeemachine,https://www.zap.co.il/model.aspx?modelid=1121265,comparison
השוואת מחירים,151.0,1121265,מכונות קפה,e-coffeemachine,https://www.zap.co.il/model.aspx?modelid=1121265,comparison
‏מכונת אספרסו Smeg ECF02,1649.0,1218026,מכונות קפה,e-coffeemachine,https://www.zap.co.il/model.aspx?modelid=1218026,comparison
השוואה ב-16 חנויות,,1218026,מכונות קפה,e-coffeemachine,https://www.zap.co.il/model.aspx?modelid=1218026,comparison
השוואת מחירים,1649.0,1218026,מכונות קפה,e-coffeemachine,https://www.zap.co.il/model.aspx?modelid=1218026,comparison
‏מכונת אספרסו Breville Barista Express with Milk Jug Thermal BES875,2482.0,1114609,מכונות קפה,e-coffeemachine,https://www.zap.co.il/model.aspx?modelid=1114609,comparison
השוואה ב-18 חנויות,,1114609,מכונות קפה,e-coffeemachine,https://www.zap.co.il/model.aspx?modelid=1114609,comparison
השוואת מחירים,2482.0,1114609,מכונות קפה,e-coffeemachine,https://www.zap.co.il/model.aspx?modelid=1114609,comparison
‏מכונת אספרסו Delonghi Magnifica Start ECAM220.60.B,1948.0,1225992,מכונות קפה,e-coffeemachine,https://www.zap.co.il/model.aspx?modelid=1225992,comparison
השוואה ב-16 חנויות,,1225992,מכונות קפה,e-coffeemachine,https://www.zap.co.il/model.aspx?modelid=1225992,comparison
השוואת מחירים,1948.0,1225992,מכונות קפה,e-coffeemachine,https://www.zap.co.il/model.aspx?modelid=1225992,comparison
‏מכונת אספרסו Gaggia EG2109,789.0,1224100,מכונות קפה,e-coffeemachine,https://www.zap.co.il/model.aspx?modelid=1224100,comparison
השוואה ב-16 חנויות,,1224100,מכונות קפה,e-coffeemachine,https://www.zap.co.il/model.aspx?modelid=1224100,comparison
השוואת מחירים,789.0,1224100,מכונות קפה,e-coffeemachine,https://www.zap.co.il/model.aspx?modelid=1224100,comparison
‏מכונת אספרסו Delonghi ECAM350.15.B,1785.0,1105069,מכונות קפה,e-coffeemachine,https://www.zap.co.il/model.aspx?modelid=1105069,comparison
השוואה ב-16 חנויות,,1105069,מכונות קפה,e-coffeemachine,https://www.zap.co.il/model.aspx?modelid=1105069,comparison
השוואת מחירים,1785.0,1105069,מכונות קפה,e-coffeemachine,https://www.zap.co.il/model.aspx?modelid=1105069,comparison
‏מכונת אספרסו Nespresso Lattissima One EN510,810.0,976624,מכונות קפה,e-coffeemachine,https://www.zap.co.il/model.aspx?modelid=976624,comparison
השוואה ב-13 חנויות,,976624,מכונות קפה,e-coffeemachine,https://www.zap.co.il/model.aspx?modelid=976624,comparison
השוואת מחירים,810.0,976624,מכונות קפה,e-coffeemachine,https://www.zap.co.il/model.aspx?modelid=976624,comparison
‏מכונת אספרסו Ninja Luxe Essential ES501EU,1369.0,1241809,מכונות קפה,e-coffeemachine,https://www.zap.co.il/model.aspx?modelid=1241809,comparison
השוואה ב-8 חנויות,,1241809,מכונות קפה,e-coffeemachine,https://www.zap.co.il/model.aspx?modelid=1241809,comparison
השוואת מחירים,1369.0,1241809,מכונות קפה,e-coffeemachine,https://www.zap.co.il/model.aspx?modelid=1241809,comparison
‏מכונת אספרסו Delonghi Specialista Prestigio EC 9355.M,3218.0,1154861,מכונות קפה,e-coffeemachine,https://www.zap.co.il/model.aspx?modelid=1154861,comparison
השוואה ב-17 חנויות,,1154861,מכונות קפה,e-coffeemachine,https://www.zap.co.il/model.aspx?modelid=1154861,comparison
השוואת מחירים,3218.0,1154861,מכונות קפה,e-coffeemachine,https://www.zap.co.il/model.aspx?modelid=1154861,comparison
‏מקציף חלב Hemilton HEM-265/HEM-264,195.0,1207103,מכונות קפה,e-coffeemachine,https://www.zap.co.il/model.aspx?modelid=1207103,comparison
השוואה ב-12 חנויות,,1207103,מכונות קפה,e-coffeemachine,https://www.zap.co.il/model.aspx?modelid=1207103,comparison
השוואת מחירים,195.0,1207103,מכונות קפה,e-coffeemachine,https://www.zap.co.il/model.aspx?modelid=1207103,comparison
מכונת קפה דלונגי DINAMICA ECAM 350.15.B דלונגי Delonghi,1818.0,1105069,מכונות קפה,,https://www.zap.co.il/model.aspx?modelid=1105069,store_variant
מכונת אספרסו אוטומטית 1450 וואט תוצרת DELONGI דגם ECAM 350.15.B,1785.0,1105069,מכונות קפה,,https://www.zap.co.il/model.aspx?modelid=1105069,store_variant
מכונת אספרסו Delonghi ECAM350.15.B דה לונגי,1790.0,1105069,מכונות קפה,,https://www.zap.co.il/model.aspx?modelid=1105069,store_variant
מכונת אספרסו Delonghi ECAM350.15.B,1798.0,1105069,מכונות קפה,,https://www.zap.co.il/model.aspx?modelid=1105069,store_variant
מכונת אספרסו אוטומטית Delonghi דלונגי Dinamica ECAM350.15.B,1999.0,1105069,מכונות קפה,,https://www.zap.co.il/model.aspx?modelid=1105069,store_variant
מכונת קפה אוטומטית דלונגי DeLonghi ECAM350.15.B,2063.0,1105069,מכונות קפה,,https://www.zap.co.il/model.aspx?modelid=1105069,store_variant
מכונת אספרסו DELONGHI ECAM 350.15.B,2200.0,1105069,מכונות קפה,,https://www.zap.co.il/model.aspx?modelid=1105069,store_variant
מכונת קפה טוחנת דלונגי דגם ECAM350.15.B שחור,2285.0,1105069,מכונות קפה,,https://www.zap.co.il/model.aspx?modelid=1105069,store_variant
מכונת אספרסו אוטומטית מבית DELONGHI דלונגי דגם ECAM350.15.B,2288.0,1105069,מכונות קפה,,https://www.zap.co.il/model.aspx?modelid=1105069,store_variant
‏מכונת אספרסו Delonghi ECAM350.15.B דה לונגי,2405.0,1105069,מכונות קפה,,https://www.zap.co.il/model.aspx?modelid=1105069,store_variant
‏מכונת קפה אספרסו דה לונגי Delonghi ECAM350.15.B,2490.0,1105069,מכונות קפה,,https://www.zap.co.il/model.aspx?modelid=1105069,store_variant
מכונת קפה אוטומטית Delonghi ECAM350.15.B,2615.0,1105069,מכונות קפה,,https://www.zap.co.il/model.aspx?modelid=1105069,store_variant
מכונת קפה נספרסו לטיסימה וואן NESPRESSO Lattissima One,810.0,976624,מכונות קפה,,https://www.zap.co.il/model.aspx?modelid=976624,store_variant
מכונת קפה NESPRESSO lattissima ONE,894.0,976624,מכונות קפה,,https://www.zap.co.il/model.aspx?modelid=976624,store_variant
מכונת אספרסו Nespresso Lattissima One יבואן רשמי,919.0,976624,מכונות קפה,,https://www.zap.co.il/model.aspx?modelid=976624,store_variant
מכונת קפה NESPRESSO LATTISSIMA ONE נספרסו דגם F121,919.0,976624,מכונות קפה,,https://www.zap.co.il/model.aspx?modelid=976624,store_variant
מכונת אספרסו Nespresso Lattissima One נספרסו,935.0,976624,מכונות קפה,,https://www.zap.co.il/model.aspx?modelid=976624,store_variant
מכונת קפה עם מקציף מובנה צבע לבן Nespresso Lattissima One,939.0,976624,מכונות קפה,,https://www.zap.co.il/model.aspx?modelid=976624,store_variant
מכונת קפה נספרסו Nespresso Delonghi Lattissima One EN501 כולל מקציף חלב מובנה,945.0,976624,מכונות קפה,,https://www.zap.co.il/model.aspx?modelid=976624,store_variant
מכונת קפה נספרסו LATTISSIMA ONE לבן VIP,945.0,976624,מכונות קפה,,https://www.zap.co.il/model.aspx?modelid=976624,store_variant
‏מכונת אספרסו Nespresso Lattissima One נספרסו,948.0,976624,מכונות קפה,,https://www.zap.co.il/model.aspx?modelid=976624,store_variant
מכונת אספרסו לטיסימה נספרסו Nespresso Lattissima One Delonghi,999.0,976624,מכונות קפה,,https://www.zap.co.il/model.aspx?modelid=976624,store_variant
מכונת קפה כולל מקציף מובנה NESPRESSO Lattissima One F121-WH נספרסו - NESPRESSO נספרסו,1099.0,976624,מכונות קפה,,https://www.zap.co.il/model.aspx?modelid=976624,store_variant
השוואת מחירים מכונות קפה‏,,1127066,מכונות קפה,,https://www.zap.co.il/model.aspx?modelid=1127066,store_variant
‏מכונת אספרסו Nespresso Citiz&Milk EN267 נספרסו,776.0,1127066,מכונות קפה,,https://www.zap.co.il/model.aspx?modelid=1127066,store_variant
מכונת קפה Nespresso נספרסו +‎מקציף Citiz&Milk EN267 שחור,777.0,1127066,מכונות קפה,,https://www.zap.co.il/model.aspx?modelid=1127066,store_variant
מכונת קפה Nespresso נספרסו +‎מקציף Citiz&Milk EN267,779.0,1127066,מכונות קפה,,https://www.zap.co.il/model.aspx?modelid=1127066,store_variant
מכונת קפה כולל מקציף חלב CITIZ&MILK NESPRESSO - צבע שחור,790.0,1127066,מכונות קפה,,https://www.zap.co.il/model.aspx?modelid=1127066,store_variant
מכונת קפה נספרסו עם מקציף Nespresso Citiz and Milk EN267 לבן,1144.0,1127066,מכונות קפה,,https://www.zap.co.il/model.aspx?modelid=1127066,store_variant
"מסך מחשב קעור ""34 Xiaomi Curved Gaming Monitor G34WQi UWQHD",1099.0,1228112,מסכי מחשב,c-monitor,https://shop.zap.co.il/product-model?offerid=23044701&storeid=2309&modelid=1228112,zapstore
קנו ב-zapstore,1099.0,1228112,מסכי מחשב,c-monitor,https://shop.zap.co.il/product-model?offerid=23044701&storeid=2309&modelid=1228112,zapstore
מסך מחשב  ‏24 ‏אינטש Philips 24E1N1100A 36208-240-23 Full HD,303.0,1223839,מסכי מחשב,c-monitor,https://www.zap.co.il/model.aspx?modelid=1223839,comparison
השוואה ב-30 חנויות,,1223839,מסכי מחשב,c-monitor,https://www.zap.co.il/model.aspx?modelid=1223839,comparison
השוואת מחירים,303.0,1223839,מסכי מחשב,c-monitor,https://www.zap.co.il/model.aspx?modelid=1223839,comparison
מסך מחשב  ‏27 ‏אינטש Philips 27E1N1100A 36208-270-27 Full HD,415.0,1223841,מסכי מחשב,c-monitor,https://www.zap.co.il/model.aspx?modelid=1223841,comparison
השוואה ב-24 חנויות,,1223841,מסכי מחשב,c-monitor,https://www.zap.co.il/model.aspx?modelid=1223841,comparison
השוואת מחירים,415.0,1223841,מסכי מחשב,c-monitor,https://www.zap.co.il/model.aspx?modelid=1223841,comparison
מסך מחשב  ‏23.8 ‏אינטש Dell P2425H Full HD,499.0,1224796,מסכי מחשב,c-monitor,https://www.zap.co.il/model.aspx?modelid=1224796,comparison
השוואה ב-20 חנויות,,1224796,מסכי מחשב,c-monitor,https://www.zap.co.il/model.aspx?modelid=1224796,comparison
השוואת מחירים,499.0,1224796,מסכי מחשב,c-monitor,https://www.zap.co.il/model.aspx?modelid=1224796,comparison
מסך מחשב Xiaomi Curved Gaming Monitor G34WQi UWQHD,1049.0,1228112,מסכי מחשב,c-monitor,https://www.zap.co.il/model.aspx?modelid=1228112,comparison
השוואה ב-19 חנויות,,1228112,מסכי מחשב,c-monitor,https://www.zap.co.il/model.aspx?modelid=1228112,comparison
השוואת מחירים,1049.0,1228112,מסכי מחשב,c-monitor,https://www.zap.co.il/model.aspx?modelid=1228112,comparison
מסך מחשב  ‏27 ‏אינטש AOC GAM C27G4ZXE Full HD,719.0,1236583,מסכי מחשב,c-monitor,https://www.zap.co.il/model.aspx?modelid=1236583,comparison
השוואה ב-19 חנויות,,1236583,מסכי מחשב,c-monitor,https://www.zap.co.il/model.aspx?modelid=1236583,comparison
השוואת מחירים,719.0,1236583,מסכי מחשב,c-monitor,https://www.zap.co.il/model.aspx?modelid=1236583,comparison
מסך מחשב  ‏32 ‏אינטש Samsung Odyssey G5 G55C LS32CG552EMXUE WQHD,1195.0,1216848,מסכי מחשב,c-monitor,https://www.zap.co.il/model.aspx?modelid=1216848,comparison
השוואה ב-20 חנויות,,1216848,מסכי מחשב,c-monitor,https://www.zap.co.il/model.aspx?modelid=1216848,comparison
השוואת מחירים,1195.0,1216848,מסכי מחשב,c-monitor,https://www.zap.co.il/model.aspx?modelid=1216848,comparison
מסך מחשב  ‏27 ‏אינטש Xiaomi Gaming Monitor G27i P27FBB-RGGL Full HD,525.0,1220828,מסכי מחשב,c-monitor,https://www.zap.co.il/model.aspx?modelid=1220828,comparison
השוואה ב-21 חנויות,,1220828,מסכי מחשב,c-monitor,https://www.zap.co.il/model.aspx?modelid=1220828,comparison
השוואת מחירים,525.0,1220828,מסכי מחשב,c-monitor,https://www.zap.co.il/model.aspx?modelid=1220828,comparison
מסך מחשב  ‏27 ‏אינטש Dell P2725H Full HD,599.0,1225071,מסכי מחשב,c-monitor,https://www.zap.co.il/model.aspx?modelid=1225071,comparison
השוואה ב-21 חנויות,,1225071,מסכי מחשב,c-monitor,https://www.zap.co.il/model.aspx?modelid=1225071,comparison
השוואת מחירים,599.0,1225071,מסכי מחשב,c-monitor,https://www.zap.co.il/model.aspx?modelid=1225071,comparison
מסך מחשב  ‏27 ‏אינטש Samsung Odyssey G5 G55C LS27CG552EMXUE WQHD,948.0,1216847,מסכי מחשב,c-monitor,https://www.zap.co.il/model.aspx?modelid=1216847,comparison
השוואה ב-19 חנויות,,1216847,מסכי מחשב,c-monitor,https://www.zap.co.il/model.aspx?modelid=1216847,comparison
השוואת מחירים,948.0,1216847,מסכי מחשב,c-monitor,https://www.zap.co.il/model.aspx?modelid=1216847,comparison
מסך מחשב Lenovo ThinkVision S24-4e 64B5KAT1IS Full HD,368.0,1254144,מסכי מחשב,c-monitor,https://www.zap.co.il/model.aspx?modelid=1254144,comparison
השוואה ב-21 חנויות,,1254144,מסכי מחשב,c-monitor,https://www.zap.co.il/model.aspx?modelid=1254144,comparison
השוואת מחירים,368.0,1254144,מסכי מחשב,c-monitor,https://www.zap.co.il/model.aspx?modelid=1254144,comparison
מסך מחשב  ‏34 ‏אינטש Samsung C34G55TWWP SAML34550 UWQHD,1298.0,1195536,מסכי מחשב,c-monitor,https://www.zap.co.il/model.aspx?modelid=1195536,comparison
השוואה ב-14 חנויות,,1195536,מסכי מחשב,c-monitor,https://www.zap.co.il/model.aspx?modelid=1195536,comparison
השוואת מחירים,1298.0,1195536,מסכי מחשב,c-monitor,https://www.zap.co.il/model.aspx?modelid=1195536,comparison
מסך מחשב Dell UltraSharp U2725QE 4K,2391.0,1247903,מסכי מחשב,c-monitor,https://www.zap.co.il/model.aspx?modelid=1247903,comparison
השוואה ב-9 חנויות,,1247903,מסכי מחשב,c-monitor,https://www.zap.co.il/model.aspx?modelid=1247903,comparison
השוואת מחירים,2391.0,1247903,מסכי מחשב,c-monitor,https://www.zap.co.il/model.aspx?modelid=1247903,comparison
מסך מחשב ‏27 ‏אינטש Philips 27E1N1100A Full HD פיליפס,564.0,1223841,מסכי מחשב,c-monitor,https://shop.zap.co.il/product-model?offerid=23052348&storeid=2269&modelid=1223841,zapstore
קנו עכשיו,564.0,1223841,מסכי מחשב,c-monitor,https://shop.zap.co.il/product-model?offerid=23052348&storeid=2269&modelid=1223841,zapstore
"מסך מחשב 24 אינץ Full HD IPS עם 120Hz, 1ms MPRT, רמקולים מובנים והגנת עיניים Philips 24E1N1100A",379.0,1223839,מסכי מחשב,c-monitor,https://shop.zap.co.il/product-model?offerid=23072615&storeid=2103&modelid=1223839,zapstore
קנו עכשיו,379.0,1223839,מסכי מחשב,c-monitor,https://shop.zap.co.il/product-model?offerid=23072615&storeid=2103&modelid=1223839,zapstore
מסך מחשב Dell P2425H 23.8 Full HD,820.0,1224796,מסכי מחשב,c-monitor,https://shop.zap.co.il/product-model?offerid=23070956&storeid=2336&modelid=1224796,zapstore
קנו עכשיו,820.0,1224796,מסכי מחשב,c-monitor,https://shop.zap.co.il/product-model?offerid=23070956&storeid=2336&modelid=1224796,zapstore
מסך מחשב גיימינג קעור Samsung C34G55TWWP 34'' WQHD,1540.0,1195536,מסכי מחשב,c-monitor,https://shop.zap.co.il/product-model?offerid=22738359&storeid=2336&modelid=1195536,zapstore
קנו עכשיו,1540.0,1195536,מסכי מחשב,c-monitor,https://shop.zap.co.il/product-model?offerid=22738359&storeid=2336&modelid=1195536,zapstore
קנו עכשיו,1099.0,1228112,מסכי מחשב,c-monitor,https://shop.zap.co.il/product-model?offerid=23044701&storeid=2309&modelid=1228112,zapstore
מסך מחשב גיימינג Dell Alienware AW2725D 26.7 QHD,2163.0,1254671,מסכי מחשב,c-monitor,https://shop.zap.co.il/product-model?offerid=23070829&storeid=2336&modelid=1254671,zapstore
קנו עכשיו,2163.0,1254671,מסכי מחשב,c-monitor,https://shop.zap.co.il/product-model?offerid=23070829&storeid=2336&modelid=1254671,zapstore
מסך מחשב גיימינג קעור Samsung S32CG552EM 31.5'' QHD,1482.0,1216848,מסכי מחשב,c-monitor,https://shop.zap.co.il/product-model?offerid=22738493&storeid=2336&modelid=1216848,zapstore
קנו עכשיו,1482.0,1216848,מסכי מחשב,c-monitor,https://shop.zap.co.il/product-model?offerid=22738493&storeid=2336&modelid=1216848,zapstore
מסך מחשב קעור Dell UltraSharp U3425WE 34.14 WQHD,3468.0,1221113,מסכי מחשב,c-monitor,https://shop.zap.co.il/product-model?offerid=23074767&storeid=2336&modelid=1221113,zapstore
קנו עכשיו,3468.0,1221113,מסכי מחשב,c-monitor,https://shop.zap.co.il/product-model?offerid=23074767&storeid=2336&modelid=1221113,zapstore
מסך מחשב גיימינג Dell Alienware AW2725Q 26.7 4K UHD,2958.0,1250804,מסכי מחשב,c-monitor,https://shop.zap.co.il/product-model?offerid=23070837&storeid=2336&modelid=1250804,zapstore
קנו עכשיו,2958.0,1250804,מסכי מחשב,c-monitor,https://shop.zap.co.il/product-model?offerid=23070837&storeid=2336&modelid=1250804,zapstore
מסך מחשב גיימינג קעור Samsung S27CG552EM 27'' QHD,1174.0,1216847,מסכי מחשב,c-monitor,https://shop.zap.co.il/product-model?offerid=22737821&storeid=2336&modelid=1216847,zapstore
קנו עכשיו,1174.0,1216847,מסכי מחשב,c-monitor,https://shop.zap.co.il/product-model?offerid=22737821&storeid=2336&modelid=1216847,zapstore
מסך מחשב גיימינג קעור Samsung S27BG650EM 27'' QHD,2249.0,1190476,מסכי מחשב,c-monitor,https://shop.zap.co.il/product-model?offerid=22738307&storeid=2336&modelid=1190476,zapstore
קנו עכשיו,2249.0,1190476,מסכי מחשב,c-monitor,https://shop.zap.co.il/product-model?offerid=22738307&storeid=2336&modelid=1190476,zapstore
מסך מחשב גיימינג קעור Dell Alienware AW3425DWM 34 WQHD,1458.0,1251976,מסכי מחשב,c-monitor,https://shop.zap.co.il/product-model?offerid=23074768&storeid=2336&modelid=1251976,zapstore
קנו עכשיו,1458.0,1251976,מסכי מחשב,c-monitor,https://shop.zap.co.il/product-model?offerid=23074768&storeid=2336&modelid=1251976,zapstore
מסך מחשב  ‏27 ‏אינטש Mag G27IPS Full HD,489.0,1210232,מסכי מחשב,c-monitor,https://www.zap.co.il/model.aspx?modelid=1210232,comparison
השוואה ב-18 חנויות,,1210232,מסכי מחשב,c-monitor,https://www.zap.co.il/model.aspx?modelid=1210232,comparison
השוואת מחירים,489.0,1210232,מסכי מחשב,c-monitor,https://www.zap.co.il/model.aspx?modelid=1210232,comparison
מסך מחשב  ‏27 ‏אינטש Samsung Odyssey G6 S27BG650EM QHD,1782.0,1190476,מסכי מחשב,c-monitor,https://www.zap.co.il/model.aspx?modelid=1190476,comparison
השוואה ב-17 חנויות,,1190476,מסכי מחשב,c-monitor,https://www.zap.co.il/model.aspx?modelid=1190476,comparison
השוואת מחירים,1782.0,1190476,מסכי מחשב,c-monitor,https://www.zap.co.il/model.aspx?modelid=1190476,comparison
מסך מחשב  ‏31.5 ‏אינטש Philips 322E1C Full HD,874.0,1047612,מסכי מחשב,c-monitor,https://www.zap.co.il/model.aspx?modelid=1047612,comparison
השוואה ב-18 חנויות,,1047612,מסכי מחשב,c-monitor,https://www.zap.co.il/model.aspx?modelid=1047612,comparison
השוואת מחירים,874.0,1047612,מסכי מחשב,c-monitor,https://www.zap.co.il/model.aspx?modelid=1047612,comparison
מסך מחשב  ‏27 ‏אינטש Lenovo ThinkVision T27hv-30 63D6UAT3IS QHD,1439.0,1210228,מסכי מחשב,c-monitor,https://www.zap.co.il/model.aspx?modelid=1210228,comparison
השוואה ב-17 חנויות,,1210228,מסכי מחשב,c-monitor,https://www.zap.co.il/model.aspx?modelid=1210228,comparison
השוואת מחירים,1439.0,1210228,מסכי מחשב,c-monitor,https://www.zap.co.il/model.aspx?modelid=1210228,comparison
מסך מחשב  ‏34 ‏אינטש Samsung ViewFinity S5 S34C500GAM UWQHD,1298.0,1202429,מסכי מחשב,c-monitor,https://www.zap.co.il/model.aspx?modelid=1202429,comparison
השוואה ב-18 חנויות,,1202429,מסכי מחשב,c-monitor,https://www.zap.co.il/model.aspx?modelid=1202429,comparison
השוואת מחירים,1298.0,1202429,מסכי מחשב,c-monitor,https://www.zap.co.il/model.aspx?modelid=1202429,comparison
מסך מחשב Samsung C27F391FHR Full HD,628.0,1255899,מסכי מחשב,c-monitor,https://www.zap.co.il/model.aspx?modelid=1255899,comparison
השוואה ב-17 חנויות,,1255899,מסכי מחשב,c-monitor,https://www.zap.co.il/model.aspx?modelid=1255899,comparison
השוואת מחירים,628.0,1255899,מסכי מחשב,c-monitor,https://www.zap.co.il/model.aspx?modelid=1255899,comparison
מסך מחשב Dell 27 Plus 4K S2725QC 4K,1344.0,1251971,מסכי מחשב,c-monitor,https://www.zap.co.il/model.aspx?modelid=1251971,comparison
השוואה ב-7 חנויות,,1251971,מסכי מחשב,c-monitor,https://www.zap.co.il/model.aspx?modelid=1251971,comparison
השוואת מחירים,1344.0,1251971,מסכי מחשב,c-monitor,https://www.zap.co.il/model.aspx?modelid=1251971,comparison
מסך מחשב LG UltraGear24GS50F-B Full HD,573.0,1231089,מסכי מחשב,c-monitor,https://www.zap.co.il/model.aspx?modelid=1231089,comparison
השוואה ב-17 חנויות,,1231089,מסכי מחשב,c-monitor,https://www.zap.co.il/model.aspx?modelid=1231089,comparison
השוואת מחירים,573.0,1231089,מסכי מחשב,c-monitor,https://www.zap.co.il/model.aspx?modelid=1231089,comparison
"מסך מחשב  ‏27 ‏אינטש Xiaomi Monitor A27i IPS 27"" 81067 Full HD",480.0,1225416,מסכי מחשב,c-monitor,https://www.zap.co.il/model.aspx?modelid=1225416,comparison
השוואה ב-16 חנויות,,1225416,מסכי מחשב,c-monitor,https://www.zap.co.il/model.aspx?modelid=1225416,comparison
השוואת מחירים,480.0,1225416,מסכי מחשב,c-monitor,https://www.zap.co.il/model.aspx?modelid=1225416,comparison
מסך מחשב Samsung Essential S3 S27D362GAM Full HD,534.0,1240953,מסכי מחשב,c-monitor,https://www.zap.co.il/model.aspx?modelid=1240953,comparison
השוואה ב-17 חנויות,,1240953,מסכי מחשב,c-monitor,https://www.zap.co.il/model.aspx?modelid=1240953,comparison
השוואת מחירים,534.0,1240953,מסכי מחשב,c-monitor,https://www.zap.co.il/model.aspx?modelid=1240953,comparison
מסך מחשב Samsung Odyssey G3 S27DG302EM Full HD,849.0,1240954,מסכי מחשב,c-monitor,https://www.zap.co.il/model.aspx?modelid=1240954,comparison
השוואה ב-17 חנויות,,1240954,מסכי מחשב,c-monitor,https://www.zap.co.il/model.aspx?modelid=1240954,comparison
השוואת מחירים,849.0,1240954,מסכי מחשב,c-monitor,https://www.zap.co.il/model.aspx?modelid=1240954,comparison
מסך מחשב  ‏27 ‏אינטש LG UltraGear27GS50FB Full HD,699.0,1231628,מסכי מחשב,c-monitor,https://www.zap.co.il/model.aspx?modelid=1231628,comparison
השוואה ב-15 חנויות,,1231628,מסכי מחשב,c-monitor,https://www.zap.co.il/model.aspx?modelid=1231628,comparison
השוואת מחירים,699.0,1231628,מסכי מחשב,c-monitor,https://www.zap.co.il/model.aspx?modelid=1231628,comparison
מסך מחשב ‏23.8 ‏אינטש Dell P2425H Full HD דל,499.0,1224796,מסכי מחשב,,https://www.zap.co.il/model.aspx?modelid=1224796,store_variant
מסך מחשב Dell P2425H ‏23.8 ‏אינטש Full HD דל,499.0,1224796,מסכי מחשב,,https://www.zap.co.il/model.aspx?modelid=1224796,store_variant
מסך מחשב Dell Pro 24 Plus Monitor - P2425H,499.0,1224796,מסכי מחשב,,https://www.zap.co.il/model.aspx?modelid=1224796,store_variant
"מסך מחשב דל Dell 24 Monitor - P2425H, 60.5cm (23.8"")",525.0,1224796,מסכי מחשב,,https://www.zap.co.il/model.aspx?modelid=1224796,store_variant
"מסך מחשב Dell 23.8"" P2425H FHD IPS",529.0,1224796,מסכי מחשב,,https://www.zap.co.il/model.aspx?modelid=1224796,store_variant
מסך מחשב Dell 24Inch Monitor - P2425H,539.0,1224796,מסכי מחשב,,https://www.zap.co.il/model.aspx?modelid=1224796,store_variant
מסך מחשב Dell P2425H FHD IPS HDMI ''24,539.0,1224796,מסכי מחשב,,https://www.zap.co.il/model.aspx?modelid=1224796,store_variant
מסך מחשב ‏23.8 ‏אינטש Dell P2425H Full HD,598.0,1224796,מסכי מחשב,,https://www.zap.co.il/model.aspx?modelid=1224796,store_variant
מסך מחשב DELL P2425H ‏24 ‏אינטש דל,631.0,1224796,מסכי מחשב,,https://www.zap.co.il/model.aspx?modelid=1224796,store_variant
Dell P2425H – מסך 24 אינץ' עם חיבור USB-C,740.0,1224796,מסכי מחשב,,https://www.zap.co.il/model.aspx?modelid=1224796,store_variant
מסך מחשב Dell P2425H 23.8 Full HD,805.0,1224796,מסכי מחשב,,https://www.zap.co.il/model.aspx?modelid=1224796,store_variant
מסך Dell 24 Monitor - P2425H,822.0,1224796,מסכי מחשב,,https://www.zap.co.il/model.aspx?modelid=1224796,store_variant
"מסך מחשב גיימינג LG 27"" UltraGear 27GS50F-B FHD VA 16:9 HDR10 180Hz",699.0,1231628,מסכי מחשב,,https://www.zap.co.il/model.aspx?modelid=1231628,store_variant
מסך מחשב ‏27 ‏אינטש LG UltraGear27GS50FB Full HD - יבואן רשמי,699.0,1231628,מסכי מחשב,,https://www.zap.co.il/model.aspx?modelid=1231628,store_variant
מסך מחשב גיימינג ''LG UltraGear 27GS50F-B FHD VA 180Hz 27,699.0,1231628,מסכי מחשב,,https://www.zap.co.il/model.aspx?modelid=1231628,store_variant
מסך ''27 גיימינג UltraGear™ FHD VA 180Hz דגם 27GS50F-B,699.0,1231628,מסכי מחשב,,https://www.zap.co.il/model.aspx?modelid=1231628,store_variant
"מסך גיימינג ""27 27GS50F-B אל ג'י - LG LG",699.0,1231628,מסכי מחשב,,https://www.zap.co.il/model.aspx?modelid=1231628,store_variant
מסך מחשב ‏27 ‏אינטש LG UltraGear 27GS50F-B Full HD,699.0,1231628,מסכי מחשב,,https://www.zap.co.il/model.aspx?modelid=1231628,store_variant
מסך ''27 גיימינג UltraGear™ FHD VA 180Hz תומך ™HDR10 / FreeSync 27GS50F-B LG,699.0,1231628,מסכי מחשב,,https://www.zap.co.il/model.aspx?modelid=1231628,store_variant
"מסך מחשב LG UltraGear 27"" Gaming Monitor / 27GS50F-B",749.0,1231628,מסכי מחשב,,https://www.zap.co.il/model.aspx?modelid=1231628,store_variant
מסך גיימינג LG UltraGear 27GS50F-B‏27 ‏אינטש Full HD,750.0,1231628,מסכי מחשב,,https://www.zap.co.il/model.aspx?modelid=1231628,store_variant
מסך מחשב LG UltraGear 27GS50F-B Full HD,849.0,1231628,מסכי מחשב,,https://www.zap.co.il/model.aspx?modelid=1231628,store_variant
"מסך מחשב גיימינג LG UltraGear 27GS50F-B 27"" Full HD 180Hz HDR10",870.0,1231628,מסכי מחשב,,https://www.zap.co.il/model.aspx?modelid=1231628,store_variant
מסך מחשב Xiaomi Curved Gaming Monitor G34WQi UWQHD,1049.0,1228112,מסכי מחשב,,https://www.zap.co.il/model.aspx?modelid=1228112,store_variant
"מסך מחשב קעור ""34 Xiaomi Curved Gaming Monitor G34WQi UWQHD",1099.0,1228112,מסכי מחשב,,https://www.zap.co.il/model.aspx?modelid=1228112,store_variant
מסך מחשב Xiaomi Curved Gaming Monitor G34WQi UWQHD יבואן רשמי !!!,1125.0,1228112,מסכי מחשב,,https://www.zap.co.il/model.aspx?modelid=1228112,store_variant
מסך מחשב גיימינג קעור ''Xiaomi G34WQi WQHD 34,1149.0,1228112,מסכי מחשב,,https://www.zap.co.il/model.aspx?modelid=1228112,store_variant
מסך מחשב גיימינג קעור ''34 שיאומי Xiaomi Curved Gaming Monitor G34WQi,1245.0,1228112,מסכי מחשב,,https://www.zap.co.il/model.aspx?modelid=1228112,store_variant
מסך מחשב גיימינג קעור 34'' Xiaomi WQHD שיאומי Curved Gaming Monitor G34WQi,1248.0,1228112,מסכי מחשב,,https://www.zap.co.il/model.aspx?modelid=1228112,store_variant
Xiaomi G34WQi מסך מחשב גיימינג קעור 34 אינץ' שנתיים אחריות יבואן רשמי,1249.0,1228112,מסכי מחשב,,https://www.zap.co.il/model.aspx?modelid=1228112,store_variant
מסך מחשב Xiaomi Curved Gaming Monitor G34WQi UWQHD שיאומי,1270.0,1228112,מסכי מחשב,,https://www.zap.co.il/model.aspx?modelid=1228112,store_variant
Xiaomi Curved Gaming Monitor G34WQi UWQHD,1390.0,1228112,מסכי מחשב,,https://www.zap.co.il/model.aspx?modelid=1228112,store_variant
"Xiaomi - שיאומי Xiaomi - שיאומי מסך מחשב קעור ""34 G34WQi",1399.0,1228112,מסכי מחשב,,https://www.zap.co.il/model.aspx?modelid=1228112,store_variant
מסך מחשב גיימינג קעור 34 שיאומי Xiaomi Curved Gaming Monitor G34WQi,1407.0,1228112,מסכי מחשב,,https://www.zap.co.il/model.aspx?modelid=1228112,store_variant
מסך מחשב XIAOMI CURVED GAMING MONITOR G34WQi,1450.0,1228112,מסכי מחשב,,https://www.zap.co.il/model.aspx?modelid=1228112,store_variant
"מזגן עילי תדיראן 1 כ""ס דגם Solo Inv 180 NG",1758.0,2748,מזגנים,e-airconditioner,https://shop.zap.co.il/product-model?offerid=15029984&storeid=2748&modelid=2748_86822,zapstore
קנו ב-zapstore,1758.0,2748,מזגנים,e-airconditioner,https://shop.zap.co.il/product-model?offerid=15029984&storeid=2748&modelid=2748_86822,zapstore
מזגן עילי אינוורטר אלקטרה דגם ELECTRA A INV 140,1389.0,2359,מזגנים,e-airconditioner,https://shop.zap.co.il/product-model?offerid=22842082&storeid=2359&modelid=2359_78528,zapstore
קנו ב-zapstore,1389.0,2359,מזגנים,e-airconditioner,https://shop.zap.co.il/product-model?offerid=22842082&storeid=2359&modelid=2359_78528,zapstore
"מזגן עילי תדיראן 1.25 כ""ס דגם Sfera Inverter 15 NG",1248.0,2748,מזגנים,e-airconditioner,https://shop.zap.co.il/product-model?offerid=22795771&storeid=2748&modelid=2748_86892,zapstore
"‏מזגן עילי Tadiran Solo Inverter 140 NG  ‏1.0 ‏כ""ס",1330.0,1229828,מזגנים,e-airconditioner,https://www.zap.co.il/model.aspx?modelid=1229828,comparison
השוואה ב-34 חנויות,,1229828,מזגנים,e-airconditioner,https://www.zap.co.il/model.aspx?modelid=1229828,comparison
השוואת מחירים,1330.0,1229828,מזגנים,e-airconditioner,https://www.zap.co.il/model.aspx?modelid=1229828,comparison
"‏מזגן עילי Tadiran Solo Inverter 180 NG  ‏1.25 ‏כ""ס",1560.0,1229829,מזגנים,e-airconditioner,https://www.zap.co.il/model.aspx?modelid=1229829,comparison
השוואה ב-30 חנויות,,1229829,מזגנים,e-airconditioner,https://www.zap.co.il/model.aspx?modelid=1229829,comparison
השוואת מחירים,1560.0,1229829,מזגנים,e-airconditioner,https://www.zap.co.il/model.aspx?modelid=1229829,comparison
"‏מזגן עילי Electra A Inverter 140  ‏1.0 ‏כ""ס",1278.0,1224553,מזגנים,e-airconditioner,https://www.zap.co.il/model.aspx?modelid=1224553,comparison
השוואה ב-30 חנויות,,1224553,מזגנים,e-airconditioner,https://www.zap.co.il/model.aspx?modelid=1224553,comparison
השוואת מחירים,1278.0,1224553,מזגנים,e-airconditioner,https://www.zap.co.il/model.aspx?modelid=1224553,comparison
"‏מזגן עילי Tadiran Sfera Inverter 15 NG  ‏1.25 ‏כ""ס",1156.0,1244669,מזגנים,e-airconditioner,https://www.zap.co.il/model.aspx?modelid=1244669,comparison
השוואה ב-28 חנויות,,1244669,מזגנים,e-airconditioner,https://www.zap.co.il/model.aspx?modelid=1244669,comparison
השוואת מחירים,1156.0,1244669,מזגנים,e-airconditioner,https://www.zap.co.il/model.aspx?modelid=1244669,comparison
"‏מזגן עילי Tadiran Sfera Inverter 10 NG  ‏1.0 ‏כ""ס",972.0,1244668,מזגנים,e-airconditioner,https://www.zap.co.il/model.aspx?modelid=1244668,comparison
השוואה ב-27 חנויות,,1244668,מזגנים,e-airconditioner,https://www.zap.co.il/model.aspx?modelid=1244668,comparison
השוואת מחירים,972.0,1244668,מזגנים,e-airconditioner,https://www.zap.co.il/model.aspx?modelid=1244668,comparison
"‏מזגן עילי Tadiran Alpha Pro Inverter 340 NG  ‏2.5 ‏כ""ס",4190.0,1225210,מזגנים,e-airconditioner,https://www.zap.co.il/model.aspx?modelid=1225210,comparison
השוואה ב-26 חנויות,,1225210,מזגנים,e-airconditioner,https://www.zap.co.il/model.aspx?modelid=1225210,comparison
השוואת מחירים,4190.0,1225210,מזגנים,e-airconditioner,https://www.zap.co.il/model.aspx?modelid=1225210,comparison
"‏מזגן עילי Tadiran Solo Inverter 370 NG  ‏3.5 ‏כ""ס",4601.0,1229832,מזגנים,e-airconditioner,https://www.zap.co.il/model.aspx?modelid=1229832,comparison
השוואה ב-32 חנויות,,1229832,מזגנים,e-airconditioner,https://www.zap.co.il/model.aspx?modelid=1229832,comparison
השוואת מחירים,4601.0,1229832,מזגנים,e-airconditioner,https://www.zap.co.il/model.aspx?modelid=1229832,comparison
"‏מזגן עילי Tadiran Solo Inverter 340 NG  ‏2.5 ‏כ""ס",3540.0,1229831,מזגנים,e-airconditioner,https://www.zap.co.il/model.aspx?modelid=1229831,comparison
השוואה ב-31 חנויות,,1229831,מזגנים,e-airconditioner,https://www.zap.co.il/model.aspx?modelid=1229831,comparison
השוואת מחירים,3540.0,1229831,מזגנים,e-airconditioner,https://www.zap.co.il/model.aspx?modelid=1229831,comparison
"‏מזגן עילי Electra A Inverter 340  ‏2.5 ‏כ""ס",3246.0,1224555,מזגנים,e-airconditioner,https://www.zap.co.il/model.aspx?modelid=1224555,comparison
השוואה ב-31 חנויות,,1224555,מזגנים,e-airconditioner,https://www.zap.co.il/model.aspx?modelid=1224555,comparison
השוואת מחירים,3246.0,1224555,מזגנים,e-airconditioner,https://www.zap.co.il/model.aspx?modelid=1224555,comparison
"‏מזגן עילי Electra A Inverter 170  ‏1.25 ‏כ""ס",1450.0,1224552,מזגנים,e-airconditioner,https://www.zap.co.il/model.aspx?modelid=1224552,comparison
השוואה ב-27 חנויות,,1224552,מזגנים,e-airconditioner,https://www.zap.co.il/model.aspx?modelid=1224552,comparison
השוואת מחירים,1450.0,1224552,מזגנים,e-airconditioner,https://www.zap.co.il/model.aspx?modelid=1224552,comparison
"‏מזגן עילי Electra Magic Touch Inverter 140  ‏1.0 ‏כ""ס",1389.0,1224524,מזגנים,e-airconditioner,https://www.zap.co.il/model.aspx?modelid=1224524,comparison
השוואה ב-26 חנויות,,1224524,מזגנים,e-airconditioner,https://www.zap.co.il/model.aspx?modelid=1224524,comparison
השוואת מחירים,1389.0,1224524,מזגנים,e-airconditioner,https://www.zap.co.il/model.aspx?modelid=1224524,comparison
"‏מזגן עילי Tadiran Sfera Inverter 21 NG  ‏2.0 ‏כ""ס",2161.0,1244671,מזגנים,e-airconditioner,https://www.zap.co.il/model.aspx?modelid=1244671,comparison
השוואה ב-27 חנויות,,1244671,מזגנים,e-airconditioner,https://www.zap.co.il/model.aspx?modelid=1244671,comparison
השוואת מחירים,2161.0,1244671,מזגנים,e-airconditioner,https://www.zap.co.il/model.aspx?modelid=1244671,comparison
מזגן עילי Tadiran Solo Inverter 140 NG ‏1.0 ‏כ''ס יבואן רשמי,1602.0,1229828,מזגנים,e-airconditioner,https://shop.zap.co.il/product-model?offerid=22943904&storeid=3824&modelid=1229828,zapstore
קנו עכשיו,1602.0,1229828,מזגנים,e-airconditioner,https://shop.zap.co.il/product-model?offerid=22943904&storeid=3824&modelid=1229828,zapstore
Tadiran מזגן עילי אינוורטר תדיראן דגם ALPHA PRO INV 340NG,4499.0,1225210,מזגנים,e-airconditioner,https://shop.zap.co.il/product-model?offerid=22859021&storeid=2359&modelid=1225210,zapstore
קנו עכשיו,4499.0,1225210,מזגנים,e-airconditioner,https://shop.zap.co.il/product-model?offerid=22859021&storeid=2359&modelid=1225210,zapstore
"Tadiran מזגן עילי תדיראן 3.5 כ""ס דגם Alpha Pro Inv 370 NG",5258.0,2748,מזגנים,e-airconditioner,https://shop.zap.co.il/product-model?offerid=22795754&storeid=2748&modelid=2748_86775,zapstore
קנו עכשיו,5258.0,2748,מזגנים,e-airconditioner,https://shop.zap.co.il/product-model?offerid=22795754&storeid=2748&modelid=2748_86775,zapstore
‏מזגן עילי Tadiran Alpha Pro Inverter 140 NG ‏1.0 ‏כ''ס יבואן רשמי,1868.0,1225207,מזגנים,e-airconditioner,https://shop.zap.co.il/product-model?offerid=22943220&storeid=3824&modelid=1225207,zapstore
קנו עכשיו,1868.0,1225207,מזגנים,e-airconditioner,https://shop.zap.co.il/product-model?offerid=22943220&storeid=3824&modelid=1225207,zapstore
מזגן עילי Tadiran Alpha Pro Inverter 180 NG ‏1.25 ‏כ''ס יבואן רשמי,1998.0,1225208,מזגנים,e-airconditioner,https://shop.zap.co.il/product-model?offerid=22943878&storeid=3824&modelid=1225208,zapstore
קנו עכשיו,1998.0,1225208,מזגנים,e-airconditioner,https://shop.zap.co.il/product-model?offerid=22943878&storeid=3824&modelid=1225208,zapstore
‏מזגן עילי Tadiran Solo Inverter 180 NG ‏1.25 ‏כ''ס יבואן רשמי,1787.0,1229829,מזגנים,e-airconditioner,https://shop.zap.co.il/product-model?offerid=22943901&storeid=3824&modelid=1229829,zapstore
קנו עכשיו,1787.0,1229829,מזגנים,e-airconditioner,https://shop.zap.co.il/product-model?offerid=22943901&storeid=3824&modelid=1229829,zapstore
מזגן עילי Tadiran Sfera Inverter 10 NG יבואן רשמי,1290.0,1244668,מזגנים,e-airconditioner,https://shop.zap.co.il/product-model?offerid=22945725&storeid=3824&modelid=1244668,zapstore
קנו עכשיו,1290.0,1244668,מזגנים,e-airconditioner,https://shop.zap.co.il/product-model?offerid=22945725&storeid=3824&modelid=1244668,zapstore
Tadiran מזגן עילי אינוורטר ספרה דגם INV 15 NG,1270.0,2359,מזגנים,e-airconditioner,https://shop.zap.co.il/product-model?offerid=22839316&storeid=2359&modelid=2359_82771,zapstore
קנו עכשיו,1270.0,2359,מזגנים,e-airconditioner,https://shop.zap.co.il/product-model?offerid=22839316&storeid=2359&modelid=2359_82771,zapstore
"Electra מזגן עילי אלקטרה 2.5 כ""ס דגם Classic Inv 340",2878.0,2748,מזגנים,e-airconditioner,https://shop.zap.co.il/product-model?offerid=15030094&storeid=2748&modelid=2748_83545,zapstore
‏מזגן עילי INV 30X EU שנת 2023 Saga יבואן רשמי,3321.0,1195550,מזגנים,e-airconditioner,https://shop.zap.co.il/product-model?offerid=22848888&storeid=3824&modelid=1195550,zapstore
קנו עכשיו,3321.0,1195550,מזגנים,e-airconditioner,https://shop.zap.co.il/product-model?offerid=22848888&storeid=3824&modelid=1195550,zapstore
מזגן עילי Tadiran Supreme Inverter 180NG Carbon אפורר קרבון יבואן רשמי,2477.0,1245761,מזגנים,e-airconditioner,https://shop.zap.co.il/product-model?offerid=22940892&storeid=3824&modelid=1245761,zapstore
קנו עכשיו,2477.0,1245761,מזגנים,e-airconditioner,https://shop.zap.co.il/product-model?offerid=22940892&storeid=3824&modelid=1245761,zapstore
Tornado מזגן עילי 1 כ''ס TORNADO טורנדו דגם SMART-INV-12 X WIFI EU,1560.0,1245862,מזגנים,e-airconditioner,https://shop.zap.co.il/product-model?offerid=22875145&storeid=3824&modelid=1245862,zapstore
קנו עכשיו,1560.0,1245862,מזגנים,e-airconditioner,https://shop.zap.co.il/product-model?offerid=22875145&storeid=3824&modelid=1245862,zapstore
"‏מזגן עילי Tadiran Solo Inverter 240 NG  ‏2.0 ‏כ""ס",2810.0,1229830,מזגנים,e-airconditioner,https://www.zap.co.il/model.aspx?modelid=1229830,comparison
השוואה ב-29 חנויות,,1229830,מזגנים,e-airconditioner,https://www.zap.co.il/model.aspx?modelid=1229830,comparison
השוואת מחירים,2810.0,1229830,מזגנים,e-airconditioner,https://www.zap.co.il/model.aspx?modelid=1229830,comparison
"‏מזגן נייד Tornado To Go 14 EU  ‏1.0 ‏כ""ס",895.0,1217086,מזגנים,e-airconditioner,https://www.zap.co.il/model.aspx?modelid=1217086,comparison
השוואה ב-24 חנויות,,1217086,מזגנים,e-airconditioner,https://www.zap.co.il/model.aspx?modelid=1217086,comparison
השוואת מחירים,895.0,1217086,מזגנים,e-airconditioner,https://www.zap.co.il/model.aspx?modelid=1217086,comparison
"‏מזגן עילי Tadiran Alpha Pro Inverter 370 NG  ‏3.5 ‏כ""ס",5097.0,1225211,מזגנים,e-airconditioner,https://www.zap.co.il/model.aspx?modelid=1225211,comparison
השוואה ב-21 חנויות,,1225211,מזגנים,e-airconditioner,https://www.zap.co.il/model.aspx?modelid=1225211,comparison
השוואת מחירים,5097.0,1225211,מזגנים,e-airconditioner,https://www.zap.co.il/model.aspx?modelid=1225211,comparison
"‏מזגן עילי Electra A Inverter 390  ‏3.5 ‏כ""ס",4188.0,1224556,מזגנים,e-airconditioner,https://www.zap.co.il/model.aspx?modelid=1224556,comparison
השוואה ב-27 חנויות,,1224556,מזגנים,e-airconditioner,https://www.zap.co.il/model.aspx?modelid=1224556,comparison
השוואת מחירים,4188.0,1224556,מזגנים,e-airconditioner,https://www.zap.co.il/model.aspx?modelid=1224556,comparison
"‏מזגן עילי Electra AI Inverter 150  ‏1.0 ‏כ""ס",1588.0,1229475,מזגנים,e-airconditioner,https://www.zap.co.il/model.aspx?modelid=1229475,comparison
השוואה ב-23 חנויות,,1229475,מזגנים,e-airconditioner,https://www.zap.co.il/model.aspx?modelid=1229475,comparison
השוואת מחירים,1588.0,1229475,מזגנים,e-airconditioner,https://www.zap.co.il/model.aspx?modelid=1229475,comparison
"‏מזגן עילי Tadiran Sfera Inverter 18 NG  ‏1.5 ‏כ""ס",1869.0,1244670,מזגנים,e-airconditioner,https://www.zap.co.il/model.aspx?modelid=1244670,comparison
השוואה ב-25 חנויות,,1244670,מזגנים,e-airconditioner,https://www.zap.co.il/model.aspx?modelid=1244670,comparison
השוואת מחירים,1869.0,1244670,מזגנים,e-airconditioner,https://www.zap.co.il/model.aspx?modelid=1244670,comparison
"‏מזגן עילי Electra Classic Inverter 340  ‏2.5 ‏כ""ס",2268.0,1261038,מזגנים,e-airconditioner,https://www.zap.co.il/model.aspx?modelid=1261038,comparison
השוואה ב-21 חנויות,,1261038,מזגנים,e-airconditioner,https://www.zap.co.il/model.aspx?modelid=1261038,comparison
השוואת מחירים,2268.0,1261038,מזגנים,e-airconditioner,https://www.zap.co.il/model.aspx?modelid=1261038,comparison
"‏מזגן עילי Electra Classic Inverter 140  ‏1.0 ‏כ""ס",1070.0,1261035,מזגנים,e-airconditioner,https://www.zap.co.il/model.aspx?modelid=1261035,comparison
השוואה ב-21 חנויות,,1261035,מזגנים,e-airconditioner,https://www.zap.co.il/model.aspx?modelid=1261035,comparison
השוואת מחירים,1070.0,1261035,מזגנים,e-airconditioner,https://www.zap.co.il/model.aspx?modelid=1261035,comparison
"‏מזגן עילי Tadiran Alpha Pro Inverter 140 NG  ‏1.0 ‏כ""ס",1560.0,1225207,מזגנים,e-airconditioner,https://www.zap.co.il/model.aspx?modelid=1225207,comparison
השוואה ב-16 חנויות,,1225207,מזגנים,e-airconditioner,https://www.zap.co.il/model.aspx?modelid=1225207,comparison
השוואת מחירים,1560.0,1225207,מזגנים,e-airconditioner,https://www.zap.co.il/model.aspx?modelid=1225207,comparison
"‏מזגן עילי Tornado Smart INV 12X Wifi EU  ‏1.0 ‏כ""ס",1249.0,1245862,מזגנים,e-airconditioner,https://www.zap.co.il/model.aspx?modelid=1245862,comparison
השוואה ב-20 חנויות,,1245862,מזגנים,e-airconditioner,https://www.zap.co.il/model.aspx?modelid=1245862,comparison
השוואת מחירים,1249.0,1245862,מזגנים,e-airconditioner,https://www.zap.co.il/model.aspx?modelid=1245862,comparison
"‏מזגן עילי Tadiran Alpha Pro Inverter 240 NG  ‏2.0 ‏כ""ס",3087.0,1225209,מזגנים,e-airconditioner,https://www.zap.co.il/model.aspx?modelid=1225209,comparison
השוואה ב-23 חנויות,,1225209,מזגנים,e-airconditioner,https://www.zap.co.il/model.aspx?modelid=1225209,comparison
השוואת מחירים,3087.0,1225209,מזגנים,e-airconditioner,https://www.zap.co.il/model.aspx?modelid=1225209,comparison
"‏מזגן עילי Electra A Inverter 450  ‏4.0 ‏כ""ס",5099.0,1224557,מזגנים,e-airconditioner,https://www.zap.co.il/model.aspx?modelid=1224557,comparison
השוואה ב-27 חנויות,,1224557,מזגנים,e-airconditioner,https://www.zap.co.il/model.aspx?modelid=1224557,comparison
השוואת מחירים,5099.0,1224557,מזגנים,e-airconditioner,https://www.zap.co.il/model.aspx?modelid=1224557,comparison
"‏מזגן עילי Electra AI Inverter 150 ‏1.0 ‏כ""ס אלקטרה",1588.0,1229475,מזגנים,,https://www.zap.co.il/model.aspx?modelid=1229475,store_variant
‏מזגן עילי Electra AI Inverter 150 ‏1.0 ‏כ''ס אלקטרה,1589.0,1229475,מזגנים,,https://www.zap.co.il/model.aspx?modelid=1229475,store_variant
מזגן עילי ELECTRA AI INVERTER 150,1590.0,1229475,מזגנים,,https://www.zap.co.il/model.aspx?modelid=1229475,store_variant
מזגן עילי Electra AI INV 150 אלקטרה / יבואן רשמי / משלוח חינם,1600.0,1229475,מזגנים,,https://www.zap.co.il/model.aspx?modelid=1229475,store_variant
מזגן עילי אלקטרה דגם Electra AI INV 150 שנת 2025,1629.0,1229475,מזגנים,,https://www.zap.co.il/model.aspx?modelid=1229475,store_variant
"מזגן אלקטרה עילי 1 כ""ס AI Inverter 150",1629.0,1229475,מזגנים,,https://www.zap.co.il/model.aspx?modelid=1229475,store_variant
Electra AI INV 150 מזגן עילי,1630.0,1229475,מזגנים,,https://www.zap.co.il/model.aspx?modelid=1229475,store_variant
"‏מזגן עילי AI Inverter 150 שנת 2024 Electra ‏1.0 ‏כ""ס אלקטרה",1645.0,1229475,מזגנים,,https://www.zap.co.il/model.aspx?modelid=1229475,store_variant
מזגן עילי אלקטרה Electra AI INV 150,1650.0,1229475,מזגנים,,https://www.zap.co.il/model.aspx?modelid=1229475,store_variant
"מזגן עילי אלקטרה Electra AI INV 150 (1 כ""ס) שנת 2024",1650.0,1229475,מזגנים,,https://www.zap.co.il/model.aspx?modelid=1229475,store_variant
מזגן עילי ELECTRA AI INVERTER 150 2024,1650.0,1229475,מזגנים,,https://www.zap.co.il/model.aspx?modelid=1229475,store_variant
מזגן עילי אינוורטר אלקטרה דגם AI 150 INV,1699.0,1229475,מזגנים,,https://www.zap.co.il/model.aspx?modelid=1229475,store_variant
מזגן עילי ELECTRA AI INV 150,1700.0,1229475,מזגנים,,https://www.zap.co.il/model.aspx?modelid=1229475,store_variant
"מזגן עילי אלקטרה 1 כ""ס דגם AI Inverter 150",1708.0,1229475,מזגנים,,https://www.zap.co.il/model.aspx?modelid=1229475,store_variant
מזגן עילי Electra AI INV 150 אלקטרה צבע לבן,1790.0,1229475,מזגנים,,https://www.zap.co.il/model.aspx?modelid=1229475,store_variant
מזגן עילי Electra AI INV 150 אלקטרה,1800.0,1229475,מזגנים,,https://www.zap.co.il/model.aspx?modelid=1229475,store_variant
מזגן עילי Electra AI Inverter 150 ‏1.0 ‏כ''ס אלקטרה | יבואן רשמי,1885.0,1229475,מזגנים,,https://www.zap.co.il/model.aspx?modelid=1229475,store_variant
מזגן עילי Electra Ai Inverter 150,1949.0,1229475,מזגנים,,https://www.zap.co.il/model.aspx?modelid=1229475,store_variant
מזגן עילי Electra AI Inverter 150 יבואן רשמי,2080.0,1229475,מזגנים,,https://www.zap.co.il/model.aspx?modelid=1229475,store_variant
‏מזגן עילי Tadiran Alpha Pro Inverter 340 NG ‏2.5 ‏כ''ס תדיראן | אחריות יבואן רשמי,4190.0,1225210,מזגנים,,https://www.zap.co.il/model.aspx?modelid=1225210,store_variant
מזגן עילי TADIRAN ALPHA PRO INV 340 NG,4198.0,1225210,מזגנים,,https://www.zap.co.il/model.aspx?modelid=1225210,store_variant
מזגן עילי Tadiran Alpha Pro Inverter 340 NG ‏2.5 ‏כ''ס תדיראן,4200.0,1225210,מזגנים,,https://www.zap.co.il/model.aspx?modelid=1225210,store_variant
"מזגן עילי TADIRAN ALPHA PRO INV 340 NG תדיראן (2.5 כ""ס)",4200.0,1225210,מזגנים,,https://www.zap.co.il/model.aspx?modelid=1225210,store_variant
"מזגן תדיראן עילי 2.5 כ""ס Alpha Pro Inv 340 NG",4229.0,1225210,מזגנים,,https://www.zap.co.il/model.aspx?modelid=1225210,store_variant
"‏מזגן עילי Tadiran Alpha Pro Inverter 340 NG ‏2.5 ‏כ""ס תדיראן",4249.0,1225210,מזגנים,,https://www.zap.co.il/model.aspx?modelid=1225210,store_variant
"‏מזגן עילי Tadiran Alpha Pro Inverter 340 NG ‏2.5 ‏כ""ס תדיראן / יבואן רשמי / משלוח חינם",4250.0,1225210,מזגנים,,https://www.zap.co.il/model.aspx?modelid=1225210,store_variant
‏מזגן עילי TADIRAN ALPHA PRO INVERTER 340NG,4250.0,1225210,מזגנים,,https://www.zap.co.il/model.aspx?modelid=1225210,store_variant
"‏מזגן עילי Alpha Pro Inverter 340 NG Tadiran ‏2.5 ‏כ""ס תדיראן",4299.0,1225210,מזגנים,,https://www.zap.co.il/model.aspx?modelid=1225210,store_variant
"מזגן עילי תדיראן 2.5 כ""ס דגם Alpha Pro Inv 340 NG",4308.0,1225210,מזגנים,,https://www.zap.co.il/model.aspx?modelid=1225210,store_variant
"‏מזגן עילי Alpha Pro Inverter 340 NG שנת 2024 Tadiran ‏2.5 ‏כ""ס תדיראן",4350.0,1225210,מזגנים,,https://www.zap.co.il/model.aspx?modelid=1225210,store_variant
מזגן עילי אינוורטר תדיראן דגם ALPHA PRO INV 340NG,4499.0,1225210,מזגנים,,https://www.zap.co.il/model.aspx?modelid=1225210,store_variant
"מזגן עילי Tadiran Alpha Pro Inverter 340 NG ‏2.5 ‏כ""ס יבואן רשמי",4589.0,1225210,מזגנים,,https://www.zap.co.il/model.aspx?modelid=1225210,store_variant
מזגן עילי TADIRAN ALPHA PRO INV 340NG 2025,4590.0,1225210,מזגנים,,https://www.zap.co.il/model.aspx?modelid=1225210,store_variant
מזגן עילי Tadiran Alpha Pro Inverter 340 NG ‏2.5 ‏כ''ס יבואן רשמי,4665.0,1225210,מזגנים,,https://www.zap.co.il/model.aspx?modelid=1225210,store_variant
מזגן תדיראן אלפא פרו אינוורטר דגם TADIRAN ALPHA PRO INVERTER 340NG,4690.0,1225210,מזגנים,,https://www.zap.co.il/model.aspx?modelid=1225210,store_variant
מזגן עילי ALPHA PRO INV 340NG תדיראן Tadiran,4690.0,1225210,מזגנים,,https://www.zap.co.il/model.aspx?modelid=1225210,store_variant
מזגן עילי TADIRAN ALPHA PRO INV 340NG,4743.0,1225210,מזגנים,,https://www.zap.co.il/model.aspx?modelid=1225210,store_variant
מזגן עילי TADIRAN ALPHA PRO INV 340 NG 2024,4790.0,1225210,מזגנים,,https://www.zap.co.il/model.aspx?modelid=1225210,store_variant
מזגן עילי תדיראן Tadiran Alpha Pro Inverter 340NG,4890.0,1225210,מזגנים,,https://www.zap.co.il/model.aspx?modelid=1225210,store_variant
מזגן עילי Tadiran Alpha Pro Inverter 340NG,4890.0,1225210,מזגנים,,https://www.zap.co.il/model.aspx?modelid=1225210,store_variant
"מזגן עילי 2.5 כ""ס תדיראן TADIRAN ALPHA PRO INVERTER 340NG לבן",4990.0,1225210,מזגנים,,https://www.zap.co.il/model.aspx?modelid=1225210,store_variant
מזגן עילי אלפא פרו תדיראן TADIRAN ALPHA PRO INV 340NG,4992.0,1225210,מזגנים,,https://www.zap.co.il/model.aspx?modelid=1225210,store_variant
מזגן עילי TADIRAN SOLO INVERTER 180 NG 2024,1560.0,1229829,מזגנים,,https://www.zap.co.il/model.aspx?modelid=1229829,store_variant
‏מזגן עילי Tadiran Solo Inverter 180 NG ‏1.25 ‏כ''ס תדיראן|יבואן רישמי על ידי תדיראן,1560.0,1229829,מזגנים,,https://www.zap.co.il/model.aspx?modelid=1229829,store_variant
מזגן עילי TADIRAN SOLO INVERTER 180 NG,1565.0,1229829,מזגנים,,https://www.zap.co.il/model.aspx?modelid=1229829,store_variant
"‏מזגן עילי Tadiran Solo Inverter 180 NG ‏1.25 ‏כ""ס תדיראן / יבואן רשמי / משלוח חינם",1570.0,1229829,מזגנים,,https://www.zap.co.il/model.aspx?modelid=1229829,store_variant
‏מזגן עילי Tadiran Solo Inverter 180 NG ‏1.25 ‏כ''ס תדיראן,1580.0,1229829,מזגנים,,https://www.zap.co.il/model.aspx?modelid=1229829,store_variant
"‏מזגן עילי Tadiran Solo Inverter 180 NG ‏1.25 ‏כ""ס תדיראן",1590.0,1229829,מזגנים,,https://www.zap.co.il/model.aspx?modelid=1229829,store_variant
"מזגן עילי Solo Inverter 180 NG Tadiran 1.25 כ""ס תדיראן",1598.0,1229829,מזגנים,,https://www.zap.co.il/model.aspx?modelid=1229829,store_variant
"מזגן עילי TADIRAN SOLO INV 180 NG תדיראן (1.25 כ""ס) שנת 2024",1599.0,1229829,מזגנים,,https://www.zap.co.il/model.aspx?modelid=1229829,store_variant
"‏מזגן עילי Solo Inv 180NG שנת 2023 Tadiran ‏1.25 ‏כ""ס תדיראן",1638.0,1229829,מזגנים,,https://www.zap.co.il/model.aspx?modelid=1229829,store_variant
מזגן עילי תדיראן דגם TADIRAN SOLO INVERTER 180NG,1649.0,1229829,מזגנים,,https://www.zap.co.il/model.aspx?modelid=1229829,store_variant
"‏מזגן עילי Solo Inverter 180NG שנת 2023 Tadiran ‏1.25 ‏כ""ס תדיראן",1670.0,1229829,מזגנים,,https://www.zap.co.il/model.aspx?modelid=1229829,store_variant
‏מזגן עילי ‏1.25 ‏כ''ס תדיראן Tadiran Inverter Solo 180NG (2023) WiFi,1670.0,1229829,מזגנים,,https://www.zap.co.il/model.aspx?modelid=1229829,store_variant
"‏מזגן עילי Solo Inverter 180NG Tadiran ‏1.25 ‏כ""ס תדיראן",1680.0,1229829,מזגנים,,https://www.zap.co.il/model.aspx?modelid=1229829,store_variant
מזגן עילי Solo Inv 180NG שנת 2023 Tadiran ‏1.25 ‏כ”ס תדיראן,1687.0,1229829,מזגנים,,https://www.zap.co.il/model.aspx?modelid=1229829,store_variant
מזגן עילי TADIRAN SOLO INV 180NG 2024,1720.0,1229829,מזגנים,,https://www.zap.co.il/model.aspx?modelid=1229829,store_variant
מזגן עילי SOLO INVERTER 180NG,1720.0,1229829,מזגנים,,https://www.zap.co.il/model.aspx?modelid=1229829,store_variant
מזגן עילי סולו תדיראן TADIRAN SOLO INV 180NG,1745.0,1229829,מזגנים,,https://www.zap.co.il/model.aspx?modelid=1229829,store_variant
מזגן עילי Tadiran Solo Inv 180NG ‏1.25 ‏כ''ס תדיראן,1749.0,1229829,מזגנים,,https://www.zap.co.il/model.aspx?modelid=1229829,store_variant
"מזגן עילי תדיראן 1 כ""ס דגם Solo Inv 180 NG",1758.0,1229829,מזגנים,,https://www.zap.co.il/model.aspx?modelid=1229829,store_variant
"מזגן עילי 1.25 כ""ס תדיראן אינוורטר SOLO INVERTER 180NG שנת 2025",1759.0,1229829,מזגנים,,https://www.zap.co.il/model.aspx?modelid=1229829,store_variant
מזגן עילי TADIRAN SOLO INV 180NG,1770.0,1229829,מזגנים,,https://www.zap.co.il/model.aspx?modelid=1229829,store_variant
מזגן עילי Tadiran Solo Inv 180NG תדיראן,1780.0,1229829,מזגנים,,https://www.zap.co.il/model.aspx?modelid=1229829,store_variant
‏מזגן עילי Tadiran Solo Inverter 180 NG ‏1.25 ‏כ''ס יבואן רשמי,1787.0,1229829,מזגנים,,https://www.zap.co.il/model.aspx?modelid=1229829,store_variant
"‏מזגן עילי Tadiran Solo Inverter 180 NG ‏1.25 ‏כ""ס יבואן רשמי",1787.0,1229829,מזגנים,,https://www.zap.co.il/model.aspx?modelid=1229829,store_variant
"מזגן עילי 1.25 כ""ס תדיראן TADIRAN SOLO INVERTER 180NG",1790.0,1229829,מזגנים,,https://www.zap.co.il/model.aspx?modelid=1229829,store_variant
‏מזגן עילי SOLO INV 180NG TADIRAN,1790.0,1229829,מזגנים,,https://www.zap.co.il/model.aspx?modelid=1229829,store_variant
מזגן עילי Tadiran Solo Inverter 180NG 10900BTU,2089.0,1229829,מזגנים,,https://www.zap.co.il/model.aspx?modelid=1229829,store_variant
מזגן עילי תדיראן דגם TADIRAN SOLO INVERTER 180NG שנת 2025,2090.0,1229829,מזגנים,,https://www.zap.co.il/model.aspx?modelid=1229829,store_variant
מולטימדיה לרכב Alpine UTE-200BT,490.0,1138062,מולטימדיה לרכב,t-mp3,https://www.zap.co.il/model.aspx?modelid=1138062,comparison
השוואה ב-2 חנויות,,1138062,מולטימדיה לרכב,t-mp3,https://www.zap.co.il/model.aspx?modelid=1138062,comparison
השוואת מחירים,490.0,1138062,מולטימדיה לרכב,t-mp3,https://www.zap.co.il/model.aspx?modelid=1138062,comparison
מולטימדיה לרכב Pioneer DEH-S4250BT,439.0,1115187,מולטימדיה לרכב,t-mp3,https://www.zap.co.il/model.aspx?modelid=1115187,comparison
השוואה ב-2 חנויות,,1115187,מולטימדיה לרכב,t-mp3,https://www.zap.co.il/model.aspx?modelid=1115187,comparison
השוואת מחירים,439.0,1115187,מולטימדיה לרכב,t-mp3,https://www.zap.co.il/model.aspx?modelid=1115187,comparison
מולטימדיה לרכב Pioneer DMH-ZF9350BT,3590.0,1115189,מולטימדיה לרכב,t-mp3,https://www.zap.co.il/model.aspx?modelid=1115189,comparison
השוואה ב-2 חנויות,,1115189,מולטימדיה לרכב,t-mp3,https://www.zap.co.il/model.aspx?modelid=1115189,comparison
השוואת מחירים,3590.0,1115189,מולטימדיה לרכב,t-mp3,https://www.zap.co.il/model.aspx?modelid=1115189,comparison
רדיו דיסק לרכב Pioneer DEH-S4250BT עם Bluetooth,439.0,1115187,מולטימדיה לרכב,,https://www.zap.co.il/model.aspx?modelid=1115187,store_variant
רדיו דיסק כולל BT PIONEER - יבואן רשמי - DEH-S4250,479.0,1115187,מולטימדיה לרכב,,https://www.zap.co.il/model.aspx?modelid=1115187,store_variant
רדיו לרכב ALPINE UTE-200BT,490.0,1138062,מולטימדיה לרכב,,https://www.zap.co.il/model.aspx?modelid=1138062,store_variant
רדיו USB ALPINE UTE-200BT - יבואן רשמי !!,572.0,1138062,מולטימדיה לרכב,,https://www.zap.co.il/model.aspx?modelid=1138062,store_variant
PIONEER DMH-ZF9350BT-דין אחד- גודל התקנה של רדיו רגיל - 9 אינטש - קאר פליי אלחוטי,3590.0,1115189,מולטימדיה לרכב,,https://www.zap.co.il/model.aspx?modelid=1115189,store_variant
"Pioneer – מולטימדיה לרכב עם Apple CarPlay ו‑Android Auto, דגם DMH‑ZF9350BT",4699.0,1115189,מולטימדיה לרכב,,https://www.zap.co.il/model.aspx?modelid=1115189,store_variant
"מייבש כביסה Bosch WTH9281IL  ‏8 ‏ק""ג",2406.0,1209372,מייבשי כביסה,e-drayer,https://www.zap.co.il/model.aspx?modelid=1209372,comparison
השוואה ב-12 חנויות,,1209372,מייבשי כביסה,e-drayer,https://www.zap.co.il/model.aspx?modelid=1209372,comparison
השוואת מחירים,2406.0,1209372,מייבשי כביסה,e-drayer,https://www.zap.co.il/model.aspx?modelid=1209372,comparison
"מייבש כביסה Electrolux EW6C4753CM  ‏7 ‏ק""ג",1636.0,1043475,מייבשי כביסה,e-drayer,https://www.zap.co.il/model.aspx?modelid=1043475,comparison
השוואה ב-31 חנויות,,1043475,מייבשי כביסה,e-drayer,https://www.zap.co.il/model.aspx?modelid=1043475,comparison
השוואת מחירים,1636.0,1043475,מייבשי כביסה,e-drayer,https://www.zap.co.il/model.aspx?modelid=1043475,comparison
"מייבש כביסה Bosch WTN85203IL  ‏8 ‏ק""ג",2095.0,1221543,מייבשי כביסה,e-drayer,https://www.zap.co.il/model.aspx?modelid=1221543,comparison
השוואה ב-11 חנויות,,1221543,מייבשי כביסה,e-drayer,https://www.zap.co.il/model.aspx?modelid=1221543,comparison
השוואת מחירים,2095.0,1221543,מייבשי כביסה,e-drayer,https://www.zap.co.il/model.aspx?modelid=1221543,comparison
"מייבש כביסה Midea MD100A70/W  ‏7 ‏ק""ג",729.0,1174629,מייבשי כביסה,e-drayer,https://www.zap.co.il/model.aspx?modelid=1174629,comparison
השוואה ב-25 חנויות,,1174629,מייבשי כביסה,e-drayer,https://www.zap.co.il/model.aspx?modelid=1174629,comparison
השוואת מחירים,729.0,1174629,מייבשי כביסה,e-drayer,https://www.zap.co.il/model.aspx?modelid=1174629,comparison
"מייבש כביסה Electrolux EDV754H3WBM  ‏7.5 ‏ק""ג",1272.0,1227058,מייבשי כביסה,e-drayer,https://www.zap.co.il/model.aspx?modelid=1227058,comparison
השוואה ב-22 חנויות,,1227058,מייבשי כביסה,e-drayer,https://www.zap.co.il/model.aspx?modelid=1227058,comparison
השוואת מחירים,1272.0,1227058,מייבשי כביסה,e-drayer,https://www.zap.co.il/model.aspx?modelid=1227058,comparison
"מייבש כביסה Bosch WQG2419IL  ‏9 ‏ק""ג",2750.0,1226130,מייבשי כביסה,e-drayer,https://www.zap.co.il/model.aspx?modelid=1226130,comparison
השוואה ב-9 חנויות,,1226130,מייבשי כביסה,e-drayer,https://www.zap.co.il/model.aspx?modelid=1226130,comparison
השוואת מחירים,2750.0,1226130,מייבשי כביסה,e-drayer,https://www.zap.co.il/model.aspx?modelid=1226130,comparison
"מייבש כביסה AEG T6DBG822M  ‏8 ‏ק""ג",1653.0,956177,מייבשי כביסה,e-drayer,https://www.zap.co.il/model.aspx?modelid=956177,comparison
השוואה ב-20 חנויות,,956177,מייבשי כביסה,e-drayer,https://www.zap.co.il/model.aspx?modelid=956177,comparison
השוואת מחירים,1653.0,956177,מייבשי כביסה,e-drayer,https://www.zap.co.il/model.aspx?modelid=956177,comparison
"מייבש כביסה AEG ADS754P5WBM  ‏7.5 ‏ק""ג",1246.0,1210730,מייבשי כביסה,e-drayer,https://www.zap.co.il/model.aspx?modelid=1210730,comparison
השוואה ב-22 חנויות,,1210730,מייבשי כביסה,e-drayer,https://www.zap.co.il/model.aspx?modelid=1210730,comparison
השוואת מחירים,1246.0,1210730,מייבשי כביסה,e-drayer,https://www.zap.co.il/model.aspx?modelid=1210730,comparison
"מייבש כביסה Bosch WQG2328  ‏9 ‏ק""ג",3250.0,1252577,מייבשי כביסה,e-drayer,https://www.zap.co.il/model.aspx?modelid=1252577,comparison
השוואה ב-20 חנויות,,1252577,מייבשי כביסה,e-drayer,https://www.zap.co.il/model.aspx?modelid=1252577,comparison
השוואת מחירים,3250.0,1252577,מייבשי כביסה,e-drayer,https://www.zap.co.il/model.aspx?modelid=1252577,comparison
"מייבש כביסה Electrolux EW6C4853CM  ‏8 ‏ק""ג",1795.0,1023262,מייבשי כביסה,e-drayer,https://www.zap.co.il/model.aspx?modelid=1023262,comparison
השוואה ב-21 חנויות,,1023262,מייבשי כביסה,e-drayer,https://www.zap.co.il/model.aspx?modelid=1023262,comparison
השוואת מחירים,1795.0,1023262,מייבשי כביסה,e-drayer,https://www.zap.co.il/model.aspx?modelid=1023262,comparison
"מייבש כביסה Samsung DV90DG52A0AE  ‏9 ‏ק""ג",2749.0,1243868,מייבשי כביסה,e-drayer,https://www.zap.co.il/model.aspx?modelid=1243868,comparison
השוואה ב-28 חנויות,,1243868,מייבשי כביסה,e-drayer,https://www.zap.co.il/model.aspx?modelid=1243868,comparison
השוואת מחירים,2749.0,1243868,מייבשי כביסה,e-drayer,https://www.zap.co.il/model.aspx?modelid=1243868,comparison
"מייבש כביסה AEG TX6G821  ‏8 ‏ק""ג",2273.0,1044896,מייבשי כביסה,e-drayer,https://www.zap.co.il/model.aspx?modelid=1044896,comparison
השוואה ב-27 חנויות,,1044896,מייבשי כביסה,e-drayer,https://www.zap.co.il/model.aspx?modelid=1044896,comparison
השוואת מחירים,2273.0,1044896,מייבשי כביסה,e-drayer,https://www.zap.co.il/model.aspx?modelid=1044896,comparison
מייבש כביסה Midea MD100A70/W יבואן רשמי,889.0,1174629,מייבשי כביסה,e-drayer,https://shop.zap.co.il/product-model?offerid=22795200&storeid=3824&modelid=1174629,zapstore
קנו עכשיו,889.0,1174629,מייבשי כביסה,e-drayer,https://shop.zap.co.il/product-model?offerid=22795200&storeid=3824&modelid=1174629,zapstore
מייבש כביסה Electrolux EDV754H3WBM יבואן רשמי,1890.0,1227058,מייבשי כביסה,e-drayer,https://shop.zap.co.il/product-model?offerid=23069012&storeid=3824&modelid=1227058,zapstore
קנו עכשיו,1890.0,1227058,מייבשי כביסה,e-drayer,https://shop.zap.co.il/product-model?offerid=23069012&storeid=3824&modelid=1227058,zapstore
מייבש כביסה Bosch WQG2328IL יבואן רשמי,3789.0,1252577,מייבשי כביסה,e-drayer,https://shop.zap.co.il/product-model?offerid=22945899&storeid=3824&modelid=1252577,zapstore
קנו עכשיו,3789.0,1252577,מייבשי כביסה,e-drayer,https://shop.zap.co.il/product-model?offerid=22945899&storeid=3824&modelid=1252577,zapstore
"Electrolux מייבש כביסה קונדנסור 8 ק""ג אלקטרולוקס דגם EW6C4853CM",2189.0,1023262,מייבשי כביסה,e-drayer,https://shop.zap.co.il/product-model?offerid=22701957&storeid=2359&modelid=1023262,zapstore
קנו עכשיו,2189.0,1023262,מייבשי כביסה,e-drayer,https://shop.zap.co.il/product-model?offerid=22701957&storeid=2359&modelid=1023262,zapstore
Samsung DV90DG52A0AE – מייבש כביסה 9 ק''ג בטכנולוגיית Heatpump | יבואן רשמי,3190.0,1243868,מייבשי כביסה,e-drayer,https://shop.zap.co.il/product-model?offerid=23032772&storeid=2511&modelid=1243868,zapstore
קנו עכשיו,3190.0,1243868,מייבשי כביסה,e-drayer,https://shop.zap.co.il/product-model?offerid=23032772&storeid=2511&modelid=1243868,zapstore
"מייבש כביסה Electrolux EW6C5822CM 8 ק""ג",2069.0,1023260,מייבשי כביסה,e-drayer,https://shop.zap.co.il/product-model?offerid=23061394&storeid=6034&modelid=1023260,zapstore
קנו עכשיו,2069.0,1023260,מייבשי כביסה,e-drayer,https://shop.zap.co.il/product-model?offerid=23061394&storeid=6034&modelid=1023260,zapstore
"מייבש כביסה Electrolux EW6C5752CM 7 ק""ג",1939.0,1060078,מייבשי כביסה,e-drayer,https://shop.zap.co.il/product-model?offerid=23059062&storeid=6034&modelid=1060078,zapstore
קנו עכשיו,1939.0,1060078,מייבשי כביסה,e-drayer,https://shop.zap.co.il/product-model?offerid=23059062&storeid=6034&modelid=1060078,zapstore
מייבש כביסה Electrolux EW6C5852CM יבואן רשמי,2290.0,1092471,מייבשי כביסה,e-drayer,https://shop.zap.co.il/product-model?offerid=23070176&storeid=3824&modelid=1092471,zapstore
קנו עכשיו,2290.0,1092471,מייבשי כביסה,e-drayer,https://shop.zap.co.il/product-model?offerid=23070176&storeid=3824&modelid=1092471,zapstore
"מייבש כביסה Zanussi ZDCB284W ‏8 ‏ק""ג זנוסי",2340.0,1184926,מייבשי כביסה,e-drayer,https://shop.zap.co.il/product-model?offerid=22802081&storeid=2799&modelid=1184926,zapstore
קנו עכשיו,2340.0,1184926,מייבשי כביסה,e-drayer,https://shop.zap.co.il/product-model?offerid=22802081&storeid=2799&modelid=1184926,zapstore
"Siemens מייבש כביסה משאבת חום 9 ק""ג סימנס דגם WQ41G29IL",4590.0,1206410,מייבשי כביסה,e-drayer,https://shop.zap.co.il/product-model?offerid=22701955&storeid=2359&modelid=1206410,zapstore
קנו עכשיו,4590.0,1206410,מייבשי כביסה,e-drayer,https://shop.zap.co.il/product-model?offerid=22701955&storeid=2359&modelid=1206410,zapstore
"מייבש כביסה LG FD1609BD ‏9 ‏ק""ג",3850.0,1233736,מייבשי כביסה,e-drayer,https://shop.zap.co.il/product-model?offerid=22911683&storeid=2799&modelid=1233736,zapstore
קנו עכשיו,3850.0,1233736,מייבשי כביסה,e-drayer,https://shop.zap.co.il/product-model?offerid=22911683&storeid=2799&modelid=1233736,zapstore
"מייבש כביסה Electrolux EW6C5752CM  ‏7 ‏ק""ג",1439.0,1060078,מייבשי כביסה,e-drayer,https://www.zap.co.il/model.aspx?modelid=1060078,comparison
השוואה ב-26 חנויות,,1060078,מייבשי כביסה,e-drayer,https://www.zap.co.il/model.aspx?modelid=1060078,comparison
השוואת מחירים,1439.0,1060078,מייבשי כביסה,e-drayer,https://www.zap.co.il/model.aspx?modelid=1060078,comparison
"מייבש כביסה Zanussi ZDCB284W  ‏8 ‏ק""ג",1828.0,1184926,מייבשי כביסה,e-drayer,https://www.zap.co.il/model.aspx?modelid=1184926,comparison
השוואה ב-26 חנויות,,1184926,מייבשי כביסה,e-drayer,https://www.zap.co.il/model.aspx?modelid=1184926,comparison
השוואת מחירים,1828.0,1184926,מייבשי כביסה,e-drayer,https://www.zap.co.il/model.aspx?modelid=1184926,comparison
"מייבש כביסה Bosch WTH85225  ‏8 ‏ק""ג",2800.0,1252574,מייבשי כביסה,e-drayer,https://www.zap.co.il/model.aspx?modelid=1252574,comparison
השוואה ב-18 חנויות,,1252574,מייבשי כביסה,e-drayer,https://www.zap.co.il/model.aspx?modelid=1252574,comparison
השוואת מחירים,2800.0,1252574,מייבשי כביסה,e-drayer,https://www.zap.co.il/model.aspx?modelid=1252574,comparison
"מייבש כביסה Beko DV8121  ‏8 ‏ק""ג",1183.0,1095794,מייבשי כביסה,e-drayer,https://www.zap.co.il/model.aspx?modelid=1095794,comparison
השוואה ב-17 חנויות,,1095794,מייבשי כביסה,e-drayer,https://www.zap.co.il/model.aspx?modelid=1095794,comparison
השוואת מחירים,1183.0,1095794,מייבשי כביסה,e-drayer,https://www.zap.co.il/model.aspx?modelid=1095794,comparison
"מייבש כביסה Electrolux EW6C4824CB  ‏8 ‏ק""ג",2289.0,1105563,מייבשי כביסה,e-drayer,https://www.zap.co.il/model.aspx?modelid=1105563,comparison
השוואה ב-16 חנויות,,1105563,מייבשי כביסה,e-drayer,https://www.zap.co.il/model.aspx?modelid=1105563,comparison
השוואת מחירים,2289.0,1105563,מייבשי כביסה,e-drayer,https://www.zap.co.il/model.aspx?modelid=1105563,comparison
"מייבש כביסה Electrolux EW6C5722CM  ‏7 ‏ק""ג",1541.0,1023259,מייבשי כביסה,e-drayer,https://www.zap.co.il/model.aspx?modelid=1023259,comparison
השוואה ב-23 חנויות,,1023259,מייבשי כביסה,e-drayer,https://www.zap.co.il/model.aspx?modelid=1023259,comparison
השוואת מחירים,1541.0,1023259,מייבשי כביסה,e-drayer,https://www.zap.co.il/model.aspx?modelid=1023259,comparison
"מייבש כביסה Electrolux EW6C5822CM  ‏8 ‏ק""ג",1586.0,1023260,מייבשי כביסה,e-drayer,https://www.zap.co.il/model.aspx?modelid=1023260,comparison
השוואה ב-16 חנויות,,1023260,מייבשי כביסה,e-drayer,https://www.zap.co.il/model.aspx?modelid=1023260,comparison
השוואת מחירים,1586.0,1023260,מייבשי כביסה,e-drayer,https://www.zap.co.il/model.aspx?modelid=1023260,comparison
"מייבש כביסה AEG TX7G8325M  ‏8 ‏ק""ג",2135.0,1176916,מייבשי כביסה,e-drayer,https://www.zap.co.il/model.aspx?modelid=1176916,comparison
השוואה ב-16 חנויות,,1176916,מייבשי כביסה,e-drayer,https://www.zap.co.il/model.aspx?modelid=1176916,comparison
השוואת מחירים,2135.0,1176916,מייבשי כביסה,e-drayer,https://www.zap.co.il/model.aspx?modelid=1176916,comparison
"מייבש כביסה Electrolux EW6C5852CM  ‏8 ‏ק""ג",1709.0,1092471,מייבשי כביסה,e-drayer,https://www.zap.co.il/model.aspx?modelid=1092471,comparison
השוואה ב-16 חנויות,,1092471,מייבשי כביסה,e-drayer,https://www.zap.co.il/model.aspx?modelid=1092471,comparison
השוואת מחירים,1709.0,1092471,מייבשי כביסה,e-drayer,https://www.zap.co.il/model.aspx?modelid=1092471,comparison
"מייבש כביסה AEG TX7E832  ‏8 ‏ק""ג",1919.0,1042459,מייבשי כביסה,e-drayer,https://www.zap.co.il/model.aspx?modelid=1042459,comparison
השוואה ב-13 חנויות,,1042459,מייבשי כביסה,e-drayer,https://www.zap.co.il/model.aspx?modelid=1042459,comparison
השוואת מחירים,1919.0,1042459,מייבשי כביסה,e-drayer,https://www.zap.co.il/model.aspx?modelid=1042459,comparison
"מייבש כביסה Midea MDG80-C05/B09E 6429  ‏8 ‏ק""ג",1344.0,1099301,מייבשי כביסה,e-drayer,https://www.zap.co.il/model.aspx?modelid=1099301,comparison
השוואה ב-17 חנויות,,1099301,מייבשי כביסה,e-drayer,https://www.zap.co.il/model.aspx?modelid=1099301,comparison
השוואת מחירים,1344.0,1099301,מייבשי כביסה,e-drayer,https://www.zap.co.il/model.aspx?modelid=1099301,comparison
"מייבש כביסה LG FD1609BD  ‏9 ‏ק""ג",3525.0,1233736,מייבשי כביסה,e-drayer,https://www.zap.co.il/model.aspx?modelid=1233736,comparison
השוואה ב-18 חנויות,,1233736,מייבשי כביסה,e-drayer,https://www.zap.co.il/model.aspx?modelid=1233736,comparison
השוואת מחירים,3525.0,1233736,מייבשי כביסה,e-drayer,https://www.zap.co.il/model.aspx?modelid=1233736,comparison
מייבש כביסה AEG TX7E832 ‏8 ‏ק''ג,1919.0,1042459,מייבשי כביסה,,https://www.zap.co.il/model.aspx?modelid=1042459,store_variant
"מייבש כביסה AEG TX7E832 ‏8 ‏ק""ג",1920.0,1042459,מייבשי כביסה,,https://www.zap.co.il/model.aspx?modelid=1042459,store_variant
מייבש כביסה קונדנסור AEG TX7E832 ‏8 ‏קג'',1948.0,1042459,מייבשי כביסה,,https://www.zap.co.il/model.aspx?modelid=1042459,store_variant
מייבש כביסה קונדנסור ‏8 ‏ק''ג דגם AEG TX7E832,1949.0,1042459,מייבשי כביסה,,https://www.zap.co.il/model.aspx?modelid=1042459,store_variant
"מייבש כביסה משאבת חום 8 ק""ג א.א.ג. TX7E832 AEG",2390.0,1042459,מייבשי כביסה,,https://www.zap.co.il/model.aspx?modelid=1042459,store_variant
"מייבש כביסה AEG TX7E832 8 ק""ג",2450.0,1042459,מייבשי כביסה,,https://www.zap.co.il/model.aspx?modelid=1042459,store_variant
מייבש הכביסה AEG TX7E832 ‏8 ‏ק''ג,2680.0,1042459,מייבשי כביסה,,https://www.zap.co.il/model.aspx?modelid=1042459,store_variant
"‏מייבש כביסה AEG‎ ‏דגם TX7E832‎ משאבת חום 8 ק""ג",2699.0,1042459,מייבשי כביסה,,https://www.zap.co.il/model.aspx?modelid=1042459,store_variant
מייבש כביסה AEG TX7E832 ‏8 ‏ק''ג מתצוגה !!!!,2390.0,1042459,מייבשי כביסה,,https://www.zap.co.il/model.aspx?modelid=1042459,store_variant
מייבש כביסה Electrolux EW6C5852CM ‏8 ‏ק''ג אלקטרולוקס,1709.0,1092471,מייבשי כביסה,,https://www.zap.co.il/model.aspx?modelid=1092471,store_variant
מייבש כביסה Electrolux EW6C5852CM,1714.0,1092471,מייבשי כביסה,,https://www.zap.co.il/model.aspx?modelid=1092471,store_variant
"מייבש כביסה Electrolux EW6C5852CM 8 ק""ג אלקטרולוקס",1850.0,1092471,מייבשי כביסה,,https://www.zap.co.il/model.aspx?modelid=1092471,store_variant
"מייבש כביסה Electrolux EW6C5852CM ‏8 ‏ק""ג",1950.0,1092471,מייבשי כביסה,,https://www.zap.co.il/model.aspx?modelid=1092471,store_variant
מייבש כביסה 8 ק''ג קונדנסור Electrolux EW6C5852CM,1960.0,1092471,מייבשי כביסה,,https://www.zap.co.il/model.aspx?modelid=1092471,store_variant
"מייבש כביסה קונדנסור 8 ק""ג EW6C5852CM Electrolux אלקטרולוקס",2059.0,1092471,מייבשי כביסה,,https://www.zap.co.il/model.aspx?modelid=1092471,store_variant
מייבש כביסה קונדנסור 8 ק''ג אלקטרולוקס דגם EW6C5852CM (יבואן רשמי),2179.0,1092471,מייבשי כביסה,,https://www.zap.co.il/model.aspx?modelid=1092471,store_variant
מייבש כביסה קונדסור 8 ק”ג דלת אטומה EW6C5852CM אלקטרולוקס Electrolux,2189.0,1092471,מייבשי כביסה,,https://www.zap.co.il/model.aspx?modelid=1092471,store_variant
מייבש כביסה קונדנסור 8 קילו Electrolux EW6C5852CM אלקטרולוקס,2190.0,1092471,מייבשי כביסה,,https://www.zap.co.il/model.aspx?modelid=1092471,store_variant
מייבש כביסה ELECTROLUX EW6C5852CM,2250.0,1092471,מייבשי כביסה,,https://www.zap.co.il/model.aspx?modelid=1092471,store_variant
מייבש כביסה Electrolux EW6C5852CM יבואן רשמי,2290.0,1092471,מייבשי כביסה,,https://www.zap.co.il/model.aspx?modelid=1092471,store_variant
מייבש כביסה Samsung DV90DG52A0AE ‏9 ‏קג סמסונג,2749.0,1243868,מייבשי כביסה,,https://www.zap.co.il/model.aspx?modelid=1243868,store_variant
Samsung DV90DG52A0AE – מייבש כביסה 9 ק''ג בטכנולוגיית Heatpump,2750.0,1243868,מייבשי כביסה,,https://www.zap.co.il/model.aspx?modelid=1243868,store_variant
"מייבש כביסה Samsung DV90DG52A0AE ‏9 ‏ק""ג סמסונג",2750.0,1243868,מייבשי כביסה,,https://www.zap.co.il/model.aspx?modelid=1243868,store_variant
מייבש כביסה קונדנסור 9 ק''ג כולל משאבת חום Samsung DV90DG52A0AE | סמסונג,2774.0,1243868,מייבשי כביסה,,https://www.zap.co.il/model.aspx?modelid=1243868,store_variant
מייבש כביסה קונדנסור 9 ק''ג כולל משאבת חום Samsung סמסונג DV90DG52A0AE *ניופרו היבואן הרשמי*,2785.0,1243868,מייבשי כביסה,,https://www.zap.co.il/model.aspx?modelid=1243868,store_variant
מייבש כביסה קונדנסור - Samsung DV90DG52A0AE,2800.0,1243868,מייבשי כביסה,,https://www.zap.co.il/model.aspx?modelid=1243868,store_variant
מייבש כביסה 9 ק''ג קונדנסור Samsung DV90DG52A0AE,2870.0,1243868,מייבשי כביסה,,https://www.zap.co.il/model.aspx?modelid=1243868,store_variant
מייבש כביסה Samsung DV90DG52A0AE ‏9 ‏ק''ג יבואן רשמי,2898.0,1243868,מייבשי כביסה,,https://www.zap.co.il/model.aspx?modelid=1243868,store_variant
מייבש כביסה 9 ק''ג Samsung DV90DG52A0AE משאבת חום - סמסונג ישראל היבואן הרישמי,2918.0,1243868,מייבשי כביסה,,https://www.zap.co.il/model.aspx?modelid=1243868,store_variant
"מייבש כביסה קונדנסור - 9 ק""ג כולל משאבת חום Samsung סמסונג DV90DG52A0AE",2949.0,1243868,מייבשי כביסה,,https://www.zap.co.il/model.aspx?modelid=1243868,store_variant
מייבש כביסה Samsung DV90DG52A0AE יבואן רשמי,2989.0,1243868,מייבשי כביסה,,https://www.zap.co.il/model.aspx?modelid=1243868,store_variant
"מייבש כביסה 9 ק""ג SAMSUNG סמסונג דגם DV90DG52A0AE",2989.0,1243868,מייבשי כביסה,,https://www.zap.co.il/model.aspx?modelid=1243868,store_variant
"מייבש כביסה משאבת חום 9 ק""ג סמסונג דגם DV90DG52A0AE",2989.0,1243868,מייבשי כביסה,,https://www.zap.co.il/model.aspx?modelid=1243868,store_variant
מייבש כביסה משאבת חום 9 קילו סמסונג SAMSUNG DV90DG52A0AE,2990.0,1243868,מייבשי כביסה,,https://www.zap.co.il/model.aspx?modelid=1243868,store_variant
מייבש כביסה Samsung DV90DG52A0AE ‏9 ‏ק''ג סמסונג,3150.0,1243868,מייבשי כביסה,,https://www.zap.co.il/model.aspx?modelid=1243868,store_variant
Samsung DV90DG52A0AE – מייבש כביסה 9 ק''ג בטכנולוגיית Heatpump | יבואן רשמי,3190.0,1243868,מייבשי כביסה,,https://www.zap.co.il/model.aspx?modelid=1243868,store_variant
מייבש כביסה פתח חזית HeatPump קונדנסור 9 ק''ג Samsung SmartThings DV90DG52A0AE - צבע לבן דלת שחורה,3231.0,1243868,מייבשי כביסה,,https://www.zap.co.il/model.aspx?modelid=1243868,store_variant
"מייבש כביסה קונדנסור - 9 ק""ג כולל משאבת חום Samsung DV90DG52A0AE סמסונג - Samsung Samsung",3313.0,1243868,מייבשי כביסה,,https://www.zap.co.il/model.aspx?modelid=1243868,store_variant
מייבש כביסה משאבת חום 9 ק''ג סמסונג דגם Samsung DV90DG52A0AE ניופרו,3325.0,1243868,מייבשי כביסה,,https://www.zap.co.il/model.aspx?modelid=1243868,store_variant
מייבש כביסה SAMSUNG DV90DG52A0AE,3490.0,1243868,מייבשי כביסה,,https://www.zap.co.il/model.aspx?modelid=1243868,store_variant
"DV90DG52A0AE מייבש כביסה 9 ק""ג בטכנולוגי",3800.0,1243868,מייבשי כביסה,,https://www.zap.co.il/model.aspx?modelid=1243868,store_variant
